statistic_yyy,site_id,village ,edu_age_15up_total,edu_doctor_graduated_m,edu_doctor_graduated_f,edu_doctor_ungraduated_m,edu_doctor_ungraduated_f,edu_master_graduated_m,edu_master_graduated_f,edu_master_ungraduated_m,edu_master_ungraduated_f,edu_university_graduated_m,edu_university_graduated_f,edu_university_ungraduated_m,edu_university_ungraduated_f,edu_juniorcollege_2ys_graduated_m,edu_juniorcollege_2ys_graduated_f,edu_juniorcollege_2ys_ungraduated_m,edu_juniorcollege_2ys_ungraduated_f,edu_juniorcollege_5ys_final2y_graduated_m,edu_juniorcollege_5ys_final2y_graduated_f,edu_juniorcollege_5ys_final2y_ungraduated_m,edu_juniorcollege_5ys_final2y_ungraduated_f,edu_juniorcollege_5ys_first3y_ungraduated_m,edu_juniorcollege_5ys_first3y_ungraduated_f,edu_senior_graduated_m,edu_senior_graduated_f,edu_senior_ungraduated_m,edu_senior_ungraduated_f,edu_seniorvocational_graduated_m,edu_seniorvocational_graduated_f,edu_seniorvocational_ungraduated_m,edu_seniorvocational_ungraduated_f,edu_junior_graduated_m,edu_junior_graduated_f,edu_junior_ungraduated_m,edu_junior_ungraduated_f,edu_juniorvocational_graduated_m,edu_juniorvocational_graduated_f,edu_juniorvocational_ungraduated_m,edu_juniorvocational_ungraduated_f,edu_primary_graduated_m,edu_primary_graduated_f,edu_primary_ungraduated_m,edu_primary_ungraduated_f,edu_selftaughtl_m,edu_selftaughtl_f,edu_illiterate_m,edu_illiterate_f
105,臺中市中　區,繼光里,1577,4,2,4,1,47,31,7,14,160,163,45,43,45,46,14,6,58,48,4,1,62,63,36,20,126,139,39,36,2,3,42,75,12,10,0,6,0,2,53,82,5,14,0,0,0,7
105,臺中市中　區,大墩里,2253,14,5,3,2,77,52,20,23,218,217,72,85,52,87,12,18,80,74,5,2,93,62,38,41,181,203,51,50,3,5,77,91,22,17,3,3,1,0,54,104,11,14,0,6,2,3
105,臺中市中　區,綠川里,1740,9,2,4,2,52,43,14,7,175,187,59,49,43,50,12,9,68,55,10,4,72,58,25,25,145,161,43,24,0,6,63,80,14,14,0,5,0,0,47,83,4,6,0,3,0,8
105,臺中市中　區,公園里,1543,14,7,2,0,53,44,8,13,192,176,52,52,39,50,9,7,61,61,5,2,51,62,30,24,112,133,34,16,1,2,44,60,12,6,1,5,0,0,27,62,6,3,0,1,0,4
105,臺中市中　區,光復里,2142,5,1,5,1,49,40,11,12,201,211,88,52,54,59,11,12,82,88,5,5,86,92,42,29,157,189,62,40,2,6,88,113,17,17,3,3,0,1,54,118,10,9,0,3,0,9
105,臺中市中　區,柳川里,1945,3,3,5,3,44,22,14,10,171,151,57,57,48,56,14,12,68,62,4,3,97,55,30,28,205,179,60,39,2,3,93,88,20,13,3,5,0,0,73,116,8,8,2,1,1,9
105,臺中市中　區,大誠里,2350,8,1,5,1,57,35,15,10,188,214,77,68,63,68,16,24,72,67,11,1,80,58,39,36,209,211,71,40,4,6,120,117,22,15,2,2,2,0,100,162,12,16,2,7,2,14
105,臺中市中　區,中華里,1844,7,7,4,2,54,33,8,11,154,162,33,47,57,52,12,5,57,52,2,2,82,71,16,15,181,176,41,34,2,4,108,109,14,14,1,3,0,1,63,112,9,9,5,4,1,8
105,臺中市東　區,新庄里,3111,17,8,8,4,107,60,19,26,290,276,94,74,90,108,16,15,102,88,5,2,116,97,43,31,323,271,78,51,1,3,167,152,26,17,2,4,1,0,114,167,6,11,1,3,1,16
105,臺中市東　區,振興里,3262,8,3,9,2,97,58,28,14,295,333,106,94,95,93,14,15,86,86,12,9,94,82,46,13,304,288,92,71,3,2,182,151,27,19,3,5,0,2,134,212,11,15,1,6,6,36
105,臺中市東　區,東橋里,3792,12,9,6,3,87,54,30,25,348,356,130,135,121,126,19,21,79,80,3,1,86,98,39,38,382,368,95,86,4,7,198,214,23,30,9,1,0,0,143,264,13,18,0,3,4,24
105,臺中市東　區,東興里,2964,12,4,4,3,88,70,30,14,291,336,106,81,101,96,14,9,86,73,6,1,87,86,24,33,303,285,69,54,1,6,108,136,12,19,4,3,1,0,98,175,6,16,0,3,1,9
105,臺中市東　區,干城里,2200,12,2,1,4,71,59,21,16,219,257,58,46,70,71,16,12,71,65,6,4,76,63,18,18,171,169,45,27,1,7,106,109,19,12,2,0,1,1,71,156,8,18,0,2,2,17
105,臺中市東　區,泉源里,1814,3,3,5,1,51,37,18,8,165,176,57,33,68,47,9,4,39,30,1,0,44,32,12,23,184,150,36,31,0,4,118,86,17,10,6,2,0,0,113,157,6,10,0,5,0,13
105,臺中市東　區,旱溪里,2583,4,3,2,1,47,29,20,12,215,220,85,70,65,88,17,13,59,48,2,1,78,44,30,15,306,237,86,56,3,2,152,134,25,12,0,3,1,1,131,204,9,26,0,2,0,25
105,臺中市東　區,樂成里,2228,5,1,3,2,54,43,15,6,173,174,74,87,64,54,12,11,52,53,5,0,60,47,35,23,217,215,60,42,5,7,141,128,17,16,1,4,0,0,117,158,3,14,0,5,1,24
105,臺中市東　區,東門里,6461,10,8,9,8,163,109,46,43,597,723,255,233,181,224,36,23,125,121,9,11,164,148,84,51,647,575,176,109,5,12,349,348,45,51,7,4,4,1,266,376,11,44,0,7,1,42
105,臺中市東　區,十甲里,4617,9,5,8,0,135,84,44,31,423,499,177,153,158,145,35,20,106,107,10,7,137,120,50,49,471,496,130,96,7,10,201,236,17,29,4,1,0,0,116,220,7,26,3,1,3,31
105,臺中市東　區,東南里,3896,9,1,3,4,93,70,38,22,371,401,123,115,116,115,20,17,97,90,5,5,98,108,47,41,398,395,128,86,3,9,166,217,32,17,1,1,3,1,133,225,9,27,1,3,3,29
105,臺中市東　區,東勢里,2756,5,2,4,2,60,50,14,13,262,239,91,71,80,90,19,8,60,69,8,3,88,93,37,28,275,259,80,53,3,4,130,142,23,19,3,1,0,2,112,185,16,20,2,3,2,26
105,臺中市東　區,合作里,4261,11,3,5,4,89,48,23,15,375,395,173,119,130,139,27,25,122,129,6,6,141,113,49,39,419,401,123,85,7,15,212,207,37,35,4,3,0,1,120,292,11,35,1,19,1,47
105,臺中市東　區,富台里,1769,4,0,3,0,30,18,12,7,169,139,38,39,53,53,16,4,50,52,3,4,83,68,30,18,174,139,53,43,3,2,95,95,14,11,4,0,1,0,53,132,5,22,0,5,0,25
105,臺中市東　區,富仁里,4293,19,7,11,3,176,83,48,27,411,413,153,147,153,124,23,26,118,125,7,8,173,138,47,51,377,361,93,82,4,6,171,207,28,24,3,3,1,1,102,249,9,22,3,13,2,41
105,臺中市東　區,東信里,8944,15,9,7,8,200,158,64,45,826,1036,314,290,296,345,66,49,200,189,15,11,203,229,111,99,892,813,254,193,7,20,418,460,65,60,7,5,1,0,307,500,24,59,6,6,7,55
105,臺中市東　區,東英里,6968,15,6,19,5,199,134,61,42,652,764,306,242,211,232,36,28,174,183,5,8,188,191,101,75,676,715,173,147,10,20,312,346,40,39,6,2,2,0,186,320,13,44,0,5,0,35
105,臺中市南　區,城隍里,3744,27,12,13,4,148,109,34,28,425,454,110,115,122,139,19,14,121,105,7,2,117,123,34,44,317,311,59,47,5,5,123,134,23,21,4,4,1,0,93,218,7,17,0,4,1,24
105,臺中市南　區,國光里,4060,39,15,6,7,148,132,38,40,438,485,157,124,134,120,30,30,96,105,7,5,127,137,47,40,328,348,67,53,7,7,135,173,22,27,3,8,1,1,105,216,7,9,1,6,1,28
105,臺中市南　區,南門里,3561,55,22,10,7,175,142,42,34,414,479,124,125,115,144,21,14,82,107,3,5,95,109,49,35,259,264,58,58,1,3,99,129,12,15,1,8,1,0,65,145,1,18,0,5,1,10
105,臺中市南　區,德義里,2923,28,14,10,6,132,103,31,25,344,399,118,84,86,99,17,18,75,81,4,3,68,93,44,37,223,242,50,49,5,4,76,109,15,18,2,3,0,0,60,113,5,7,1,6,2,14
105,臺中市南　區,積善里,2651,18,7,5,6,97,66,31,27,276,307,78,78,72,91,21,9,57,65,0,4,74,74,17,20,262,246,54,42,3,4,116,109,18,15,4,5,1,0,75,147,6,18,0,6,0,20
105,臺中市南　區,江川里,2880,47,21,9,5,123,105,24,26,329,361,118,94,77,96,19,21,70,82,5,2,70,76,32,26,198,244,76,33,5,8,90,108,19,15,1,3,0,1,73,122,9,12,1,4,1,19
105,臺中市南　區,新榮里,4427,36,18,9,13,176,134,49,38,460,648,147,160,154,220,25,35,112,147,8,6,112,129,56,44,301,408,102,71,13,14,114,178,28,29,3,4,0,0,53,138,4,10,4,1,1,15
105,臺中市南　區,福興里,3931,18,7,6,6,131,103,33,34,380,444,169,126,149,144,36,29,98,101,5,3,110,100,52,42,338,341,90,62,3,8,141,171,23,28,7,7,1,1,113,201,8,15,3,13,3,28
105,臺中市南　區,福平里,5496,17,7,6,2,183,109,51,31,544,669,196,193,207,228,38,34,139,141,5,5,146,189,64,73,479,478,129,88,7,15,202,286,29,33,2,6,2,0,141,245,8,24,3,14,4,24
105,臺中市南　區,和平里,3944,16,9,7,5,106,103,44,39,432,501,145,144,148,196,23,33,100,96,3,6,107,130,59,59,315,373,85,78,7,6,126,150,21,21,4,6,2,1,76,115,5,20,1,5,0,16
105,臺中市南　區,永興里,7602,49,25,10,12,280,201,84,67,780,961,336,317,266,316,46,48,180,189,13,9,185,240,136,122,601,715,227,164,13,26,216,281,43,41,2,5,2,2,112,226,6,22,0,5,2,19
105,臺中市南　區,樹義里,10676,47,16,15,13,406,237,100,89,1009,1461,457,385,417,483,64,77,245,268,9,7,259,288,165,162,887,953,312,209,14,35,302,411,63,69,4,5,2,2,216,378,19,50,4,16,5,41
105,臺中市南　區,樹德里,7957,37,19,19,10,298,209,87,64,826,1022,326,314,347,432,56,72,207,207,7,6,221,221,117,129,590,650,202,152,11,16,208,283,46,53,4,3,0,1,155,247,10,37,1,9,2,24
105,臺中市南　區,西川里,4324,20,12,7,3,167,106,46,43,484,585,178,151,152,214,29,25,113,98,6,4,100,126,73,70,286,386,113,71,3,11,123,153,15,35,6,5,0,0,86,166,10,14,2,8,2,17
105,臺中市南　區,長春里,2065,14,4,3,2,82,50,27,10,223,262,68,59,54,81,12,14,67,68,2,4,67,70,17,16,200,172,46,29,3,3,58,79,15,15,0,3,0,0,46,109,2,4,0,2,0,3
105,臺中市南　區,長榮里,2597,11,3,2,4,98,60,25,28,313,343,85,65,79,108,16,12,81,81,4,4,71,69,29,28,213,223,63,40,0,2,81,99,11,18,2,2,1,0,56,133,3,11,1,7,0,12
105,臺中市南　區,福順里,5414,34,15,13,2,198,152,50,40,577,691,212,198,210,234,39,44,134,154,8,3,152,167,65,65,440,467,111,96,12,10,158,202,25,39,1,5,0,1,106,211,10,19,3,8,7,26
105,臺中市南　區,平和里,3685,24,8,15,7,140,103,30,36,385,442,146,116,122,123,21,19,81,67,9,2,105,103,39,41,300,300,78,42,2,17,156,137,26,18,6,4,0,1,129,220,6,11,3,11,1,33
105,臺中市南　區,南和里,7186,57,19,22,6,265,182,61,77,709,864,310,306,247,273,58,48,166,187,9,13,203,241,108,109,592,655,216,134,13,17,270,274,44,60,3,6,0,1,120,184,15,11,0,7,1,23
105,臺中市南　區,永和里,4547,28,11,14,3,136,113,38,41,453,564,171,155,165,157,42,36,94,118,4,4,124,156,56,49,409,413,112,85,6,3,174,204,26,27,5,9,1,1,105,199,7,12,1,5,0,11
105,臺中市南　區,工學里,6476,51,28,13,9,275,213,70,54,700,928,258,246,253,300,36,45,167,179,7,8,151,195,102,103,429,526,124,116,12,18,175,227,45,47,3,7,0,0,85,203,11,22,1,10,4,20
105,臺中市南　區,崇倫里,5467,33,16,14,6,189,179,48,46,592,710,226,160,196,265,32,36,118,167,3,6,158,143,69,80,427,457,124,77,10,22,175,205,36,33,3,6,1,1,104,212,16,21,1,12,2,30
105,臺中市西　區,民生里,1953,12,10,5,4,102,94,16,22,253,268,73,79,57,88,6,8,49,68,4,4,45,45,43,39,119,154,21,27,2,2,45,65,9,11,1,2,1,0,23,59,4,10,0,1,0,3
105,臺中市西　區,利民里,1570,12,5,6,7,98,58,22,19,189,231,72,57,48,77,4,4,47,43,0,0,41,39,28,40,86,98,24,30,4,5,15,40,11,15,1,2,0,0,19,50,6,7,1,1,3,5
105,臺中市西　區,三民里,2355,13,16,9,4,108,108,24,18,266,308,64,72,63,94,8,5,50,73,6,3,69,69,51,49,195,163,57,34,2,6,107,59,26,17,1,1,1,0,47,53,10,10,3,4,1,8
105,臺中市西　區,東昇里,2403,19,7,8,5,108,102,31,34,317,341,87,77,70,107,9,14,60,100,3,2,56,57,37,30,169,195,44,37,0,8,47,73,7,8,2,6,0,0,26,83,0,6,0,0,1,10
105,臺中市西　區,廣民里,1612,13,3,4,0,58,45,13,13,176,179,49,60,39,71,2,6,37,50,3,0,35,51,25,12,121,144,38,35,1,3,65,65,11,8,1,6,3,0,48,96,4,6,2,4,0,7
105,臺中市西　區,平和里,1964,15,6,7,3,86,80,25,28,241,297,49,64,64,88,7,5,53,59,3,6,47,47,22,19,148,171,22,19,1,7,53,68,15,4,1,3,0,0,37,81,3,5,0,0,0,5
105,臺中市西　區,公民里,4877,41,19,16,10,249,187,56,43,658,686,190,179,145,184,16,21,121,172,1,5,126,129,75,58,318,385,66,45,1,8,111,149,29,25,2,10,0,2,79,211,12,12,1,6,1,17
105,臺中市西　區,藍興里,4153,24,14,16,4,173,151,44,35,503,580,129,135,149,177,15,27,97,140,2,4,85,107,75,48,308,342,83,52,6,11,103,130,25,23,2,3,1,1,95,187,5,13,2,3,3,21
105,臺中市西　區,公舘里,5844,31,17,4,5,200,165,48,40,593,697,201,187,190,214,31,23,155,146,7,9,154,137,73,72,535,585,124,97,3,12,201,265,36,38,9,6,0,1,146,305,10,30,2,13,0,27
105,臺中市西　區,和龍里,2421,9,2,3,3,65,38,13,17,205,204,66,64,71,69,14,19,66,60,3,4,66,54,25,25,237,240,64,36,3,11,159,148,19,16,2,2,1,1,113,155,8,12,2,9,0,18
105,臺中市西　區,民龍里,3338,16,11,10,7,124,106,42,32,356,401,116,98,82,145,21,21,87,126,8,2,91,87,45,50,250,296,82,48,5,3,111,142,18,16,3,2,0,1,86,146,9,8,0,7,4,17
105,臺中市西　區,後龍里,3528,30,10,8,7,154,123,38,27,416,479,102,103,115,137,16,12,96,114,5,4,93,126,37,30,238,288,65,56,4,8,107,141,26,21,2,2,1,0,87,163,9,10,0,2,2,14
105,臺中市西　區,安龍里,2955,17,11,6,4,171,129,22,20,399,394,104,86,105,110,11,12,95,85,1,4,78,92,24,28,211,226,49,20,3,4,81,100,11,12,3,3,0,0,65,129,2,13,0,6,0,9
105,臺中市西　區,吉龍里,6720,70,26,21,8,303,268,85,64,903,956,263,237,212,274,28,36,132,214,11,7,152,217,125,95,395,546,103,76,9,16,159,230,33,29,4,5,0,0,107,238,7,18,3,6,4,25
105,臺中市西　區,昇平里,5820,40,11,16,7,221,194,58,55,709,819,207,190,182,246,33,21,151,170,7,9,158,168,78,71,446,537,103,78,7,2,125,184,27,32,5,7,0,1,118,265,8,22,2,4,2,24
105,臺中市西　區,忠明里,5896,60,12,16,15,264,210,56,44,720,819,191,165,172,200,31,22,159,199,11,8,150,187,88,98,402,511,109,70,4,5,156,221,26,30,4,8,5,0,129,237,7,23,1,15,5,31
105,臺中市西　區,公正里,6327,32,9,21,12,263,197,66,63,791,911,282,267,199,285,35,29,164,248,2,10,134,186,102,99,391,599,110,78,5,12,111,209,31,29,1,2,0,2,100,193,5,14,2,9,1,16
105,臺中市西　區,土庫里,5793,53,33,9,6,259,188,67,44,743,791,212,189,179,188,24,24,157,177,6,10,126,156,96,80,402,493,114,80,5,13,154,203,37,26,4,6,1,2,122,247,10,24,3,7,2,21
105,臺中市西　區,忠誠里,5945,21,7,12,7,232,174,52,40,787,791,206,179,186,222,37,22,162,210,9,6,138,180,68,71,485,545,100,91,8,10,124,228,24,33,6,7,3,0,110,281,15,21,4,9,1,21
105,臺中市西　區,公益里,2880,4,3,6,4,88,54,30,21,325,341,99,96,107,97,19,18,65,69,3,2,58,104,33,26,257,304,49,44,5,8,103,120,17,13,3,4,0,0,68,170,6,14,1,3,4,15
105,臺中市西　區,中興里,3799,19,12,7,6,139,111,40,29,489,509,126,122,98,120,21,17,94,114,1,2,107,117,51,56,322,362,60,48,1,3,100,155,19,20,3,8,0,0,74,179,3,11,0,3,2,19
105,臺中市西　區,公平里,4929,21,20,11,4,233,157,46,59,618,702,185,163,150,218,15,19,136,186,5,7,109,131,69,61,320,461,74,51,5,11,141,167,30,15,2,8,0,1,81,203,1,11,0,7,1,14
105,臺中市西　區,公德里,4314,31,15,17,7,219,142,43,49,540,664,157,158,145,169,17,21,108,153,4,6,93,127,63,67,279,388,64,73,4,10,85,129,17,23,3,3,1,1,61,130,5,6,2,5,0,10
105,臺中市西　區,双龍里,2918,14,8,10,1,110,82,36,29,354,371,98,95,90,112,10,14,70,89,4,2,92,96,50,23,242,264,40,39,8,6,68,118,11,14,0,4,0,0,55,153,8,11,3,3,1,10
105,臺中市西　區,大忠里,4421,42,25,12,7,220,166,41,46,575,702,172,151,132,195,20,22,102,160,3,6,79,88,52,83,281,350,67,46,3,12,102,134,21,26,2,1,0,0,90,149,3,13,1,3,2,14
105,臺中市北　區,光大里,2124,2,3,3,1,46,38,10,15,176,193,58,52,54,76,12,6,49,49,4,2,61,74,15,16,196,219,55,49,3,4,131,119,16,8,3,1,0,0,106,151,8,11,0,0,2,27
105,臺中市北　區,文莊里,3524,18,4,7,2,107,75,32,23,404,419,122,86,123,120,14,7,95,112,5,2,96,150,33,40,313,314,67,47,2,7,99,189,19,26,3,1,1,0,84,184,12,22,0,5,1,32
105,臺中市北　區,五常里,1466,4,0,4,1,35,29,9,8,138,158,46,48,56,43,9,8,31,30,1,2,49,40,20,13,159,141,33,16,2,3,58,77,6,8,0,0,0,0,53,97,6,7,2,1,2,13
105,臺中市北　區,新興里,1611,6,5,4,1,41,33,13,11,175,153,55,34,44,44,6,8,45,40,3,3,72,61,19,12,166,139,26,25,2,2,84,82,3,8,0,5,0,0,47,110,3,5,1,3,2,10
105,臺中市北　區,新北里,1796,20,5,4,6,82,47,18,13,259,242,62,53,51,57,5,6,46,71,0,1,40,66,16,22,157,133,13,16,2,2,38,67,11,10,0,4,1,0,40,82,4,13,1,1,0,9
105,臺中市北　區,樂英里,2780,6,2,2,1,70,50,15,10,328,277,71,74,100,88,17,9,70,72,2,6,120,150,25,25,279,228,54,47,4,4,92,148,20,13,2,4,1,1,63,169,11,20,2,6,2,20
105,臺中市北　區,錦村里,3317,13,5,12,4,127,69,25,14,426,426,106,91,129,112,14,16,72,101,6,3,92,89,38,42,285,309,60,49,3,5,93,159,22,21,1,2,4,1,62,170,5,15,1,4,1,13
105,臺中市北　區,建成里,5550,8,4,9,0,104,69,39,25,513,492,211,187,211,174,33,30,132,137,13,11,163,180,57,51,622,688,142,117,4,15,262,317,22,30,3,1,2,1,144,270,10,23,0,3,2,19
105,臺中市北　區,錦洲里,3473,16,8,5,2,125,78,29,27,418,420,113,116,122,116,11,13,87,96,4,3,100,138,47,28,334,333,67,48,5,5,124,163,16,21,6,2,0,0,47,155,4,10,0,2,1,8
105,臺中市北　區,金華里,2458,36,11,9,3,103,73,40,28,317,353,108,90,70,105,12,11,64,95,1,3,54,86,42,40,172,195,34,21,2,2,55,59,17,6,1,5,0,1,29,86,3,5,0,2,1,8
105,臺中市北　區,金龍里,4443,19,5,8,9,140,87,38,27,476,544,141,115,151,162,21,18,116,111,7,4,129,129,46,40,417,452,88,75,4,7,173,216,14,25,6,6,0,4,105,247,12,24,1,7,2,15
105,臺中市北　區,邱厝里,2260,26,16,14,6,97,94,17,22,283,317,104,79,74,74,7,14,48,65,3,5,42,62,22,32,159,174,33,28,4,5,56,85,4,12,0,6,0,1,39,97,7,14,1,5,1,6
105,臺中市北　區,建興里,5876,33,21,15,7,203,151,39,44,697,748,229,171,213,223,23,37,149,184,8,6,165,185,68,68,510,552,107,79,5,16,156,267,27,33,7,10,1,0,118,248,13,16,2,7,0,15
105,臺中市北　區,頂厝里,4224,33,13,8,7,165,127,40,21,540,623,177,150,133,143,23,11,105,138,7,5,104,120,61,51,288,405,71,58,2,11,100,159,16,24,5,6,2,1,63,158,8,19,1,2,1,19
105,臺中市北　區,賴厝里,5338,27,9,12,9,176,137,32,41,536,601,183,161,170,193,20,19,153,160,12,7,226,157,91,81,476,502,146,86,6,10,279,203,35,24,4,8,2,1,95,172,21,24,1,3,8,19
105,臺中市北　區,賴村里,4621,29,8,13,13,141,99,37,45,470,589,177,133,141,185,14,26,116,121,5,5,124,132,45,51,408,452,86,68,9,11,176,206,12,23,3,6,1,0,133,245,8,17,2,10,2,24
105,臺中市北　區,育德里,3737,31,17,16,8,169,125,31,34,477,505,119,141,96,135,16,11,97,101,6,1,79,100,45,57,292,338,79,44,1,7,106,148,17,17,4,4,0,1,61,160,4,14,0,4,2,17
105,臺中市北　區,淡溝里,5072,40,20,19,11,248,195,49,54,636,707,200,174,151,194,13,11,111,142,10,9,134,167,79,59,370,418,81,67,6,11,136,174,20,27,2,7,1,1,65,205,8,22,1,3,2,12
105,臺中市北　區,中達里,2793,16,4,2,2,83,57,28,10,285,302,113,90,77,95,9,7,80,73,9,4,61,80,39,32,284,250,58,57,4,9,113,109,17,14,3,6,1,1,85,169,6,19,1,8,2,19
105,臺中市北　區,錦祥里,3745,16,6,6,2,144,100,40,19,445,447,129,113,119,143,20,15,94,100,5,4,105,133,33,45,302,393,71,56,4,8,129,165,16,24,4,7,1,1,74,161,12,14,2,2,0,16
105,臺中市北　區,健行里,6636,44,18,9,13,260,163,63,45,728,801,260,243,235,266,32,27,149,192,9,7,155,173,93,87,583,581,114,96,5,11,217,274,38,33,4,6,0,0,161,363,10,26,2,7,7,26
105,臺中市北　區,明德里,5461,33,13,19,8,216,163,58,47,687,758,201,187,174,211,25,16,134,160,4,5,145,147,67,61,384,546,99,75,8,6,158,224,21,34,5,8,0,0,99,204,11,23,0,2,0,15
105,臺中市北　區,長青里,6261,20,11,8,9,214,160,52,46,709,818,243,251,211,263,23,24,145,166,5,6,182,196,82,76,471,642,123,107,10,12,193,275,29,32,5,4,1,2,100,262,17,23,1,6,0,26
105,臺中市北　區,賴明里,3855,18,5,12,3,144,92,32,26,438,536,140,125,132,149,18,17,95,124,6,9,103,134,49,52,282,392,76,65,0,10,112,170,26,12,5,6,1,0,60,142,4,10,0,4,2,17
105,臺中市北　區,賴興里,3936,19,9,7,5,152,107,25,27,474,545,175,128,154,162,20,24,93,131,4,4,101,116,49,44,273,439,90,65,2,8,91,144,13,23,1,7,2,1,51,125,2,8,0,2,1,13
105,臺中市北　區,中正里,1512,6,5,4,4,38,47,19,9,146,164,31,46,42,53,11,12,26,38,3,1,43,43,21,13,130,145,21,15,0,4,83,73,14,4,2,2,1,0,63,94,9,16,1,4,0,6
105,臺中市北　區,六合里,1760,3,2,3,3,52,40,12,7,190,164,38,30,51,55,9,10,35,42,5,2,56,52,20,14,167,156,32,23,2,4,106,111,18,4,3,3,0,1,78,126,3,13,3,1,0,11
105,臺中市北　區,大湖里,2308,1,0,1,2,36,21,7,7,166,192,67,68,53,55,12,10,45,53,4,3,81,67,19,15,246,212,62,61,1,4,173,151,19,14,2,5,0,1,124,186,12,16,0,4,1,29
105,臺中市北　區,錦平里,1969,21,9,6,3,74,47,19,24,210,250,62,59,60,83,6,13,46,50,7,11,55,46,19,17,164,165,41,33,2,8,68,71,6,14,3,4,1,1,56,113,2,12,0,1,0,7
105,臺中市北　區,建德里,3482,14,7,6,2,84,69,28,30,346,372,119,94,130,124,15,5,107,75,4,2,100,91,35,32,377,388,66,60,2,9,133,166,15,14,6,15,0,0,79,231,4,8,1,4,1,12
105,臺中市北　區,崇德里,3577,15,6,9,2,125,94,43,29,417,503,141,123,125,129,13,21,84,114,4,2,99,114,42,45,283,364,56,55,3,4,102,120,13,13,6,5,1,1,72,151,7,12,0,1,1,8
105,臺中市北　區,賴旺里,4507,14,0,6,3,133,67,35,24,445,498,164,161,144,188,25,22,117,112,3,6,122,148,50,45,403,509,113,104,9,11,187,226,29,28,3,4,1,0,89,202,7,19,3,6,2,20
105,臺中市北　區,明新里,2824,9,8,8,1,97,79,32,22,307,315,94,81,116,103,11,11,64,75,4,2,80,98,30,22,256,296,54,44,4,8,111,108,11,17,2,5,1,0,63,139,6,12,0,1,3,14
105,臺中市北　區,立人里,3648,10,3,8,2,118,86,33,31,455,495,185,143,134,148,20,19,82,113,5,5,103,126,54,44,260,385,61,64,4,10,84,146,11,12,1,6,0,1,36,122,2,10,0,1,0,10
105,臺中市北　區,梅川里,3185,15,7,12,2,112,98,31,27,386,425,146,140,101,140,9,16,50,111,3,5,74,88,42,44,242,326,67,40,2,8,86,117,12,15,2,1,1,0,48,104,5,10,1,2,1,11
105,臺中市北　區,賴福里,3833,46,17,16,6,171,133,36,38,472,582,133,120,107,145,15,16,102,110,8,8,102,111,59,60,237,340,60,64,3,3,104,100,18,19,3,3,0,0,70,155,9,18,0,5,2,7
105,臺中市西屯區,西安里,4957,29,13,12,1,251,168,53,45,524,640,204,171,175,217,28,24,111,146,11,4,106,118,72,64,344,422,101,86,3,10,160,196,27,24,2,2,0,1,106,208,23,26,0,4,1,24
105,臺中市西屯區,西墩里,5020,18,13,17,5,229,131,60,39,550,636,194,152,131,178,23,25,117,161,12,5,121,113,67,70,434,411,129,75,3,10,178,210,28,19,5,5,1,1,137,212,19,40,0,4,5,27
105,臺中市西屯區,潮洋里,5350,41,13,15,5,256,173,63,34,597,637,210,209,167,183,21,13,157,170,10,3,165,127,102,88,453,425,122,76,8,13,205,192,50,26,2,7,0,0,110,137,19,22,0,1,1,22
105,臺中市西屯區,龍潭里,796,0,1,1,2,23,10,5,1,43,55,24,21,23,30,5,4,17,6,0,1,26,20,7,7,85,59,41,17,2,1,63,39,6,10,1,1,0,0,48,50,4,19,0,2,1,15
105,臺中市西屯區,惠來里,13034,128,68,43,24,781,588,145,149,1768,2057,586,535,328,512,51,50,303,540,13,14,288,370,285,350,589,933,169,157,14,28,226,291,50,64,9,12,2,1,121,274,43,45,1,4,5,20
105,臺中市西屯區,上石里,4870,14,9,12,1,199,139,51,46,557,675,176,180,161,248,25,32,143,134,8,3,124,159,69,76,320,456,111,99,6,7,124,187,18,25,0,2,0,1,60,163,12,21,0,3,1,13
105,臺中市西屯區,逢甲里,4438,17,4,13,3,148,103,42,23,445,545,174,147,150,181,29,30,135,123,9,7,117,130,70,51,346,451,116,87,4,11,146,203,14,14,6,6,2,2,85,189,16,25,1,0,0,18
105,臺中市西屯區,鵬程里,2889,4,2,1,1,72,39,16,9,299,246,103,96,101,88,20,10,102,74,5,3,119,114,51,36,248,269,80,50,1,5,84,124,15,20,0,6,1,0,54,216,5,41,1,6,1,51
105,臺中市西屯區,何安里,5347,24,5,9,8,210,146,44,41,580,694,198,186,157,202,36,27,132,184,13,8,135,158,68,72,429,532,109,96,4,13,170,187,35,23,9,1,0,0,120,220,15,27,1,2,0,17
105,臺中市西屯區,何厝里,3251,9,3,7,1,102,57,27,28,317,401,132,102,100,130,13,13,104,124,7,7,59,100,35,34,281,353,81,62,2,5,117,162,13,20,6,4,0,1,71,127,7,9,0,1,2,15
105,臺中市西屯區,大河里,3911,12,6,7,3,112,72,31,32,392,467,137,119,128,143,27,21,80,82,7,4,108,94,63,32,347,337,70,63,6,13,166,216,30,21,4,0,1,1,147,244,14,29,0,2,0,21
105,臺中市西屯區,大石里,2217,11,5,6,2,64,34,17,7,252,206,62,47,89,79,14,10,65,63,2,1,85,100,16,15,206,186,46,28,6,2,64,118,12,14,0,6,0,0,40,169,4,27,1,9,2,25
105,臺中市西屯區,大福里,3340,8,5,5,1,76,51,26,10,278,284,113,107,110,100,22,21,87,83,3,5,107,124,41,35,314,321,97,74,3,4,148,210,20,26,4,3,0,2,95,249,6,33,1,5,2,21
105,臺中市西屯區,大鵬里,4981,7,5,5,2,152,74,27,24,479,516,180,173,169,194,27,28,125,107,4,9,138,129,52,55,456,488,142,108,7,19,202,287,29,30,7,7,1,1,127,302,8,36,1,5,1,36
105,臺中市西屯區,港尾里,5063,9,9,18,6,115,96,38,15,436,487,200,187,153,177,37,32,121,136,7,4,149,145,79,71,502,495,147,119,5,13,242,227,28,23,2,2,5,1,182,242,22,37,1,5,4,32
105,臺中市西屯區,廣福里,2507,3,0,3,2,43,26,21,11,199,227,86,107,70,87,8,9,50,50,2,4,57,41,37,35,287,235,71,57,1,5,137,119,21,19,2,1,0,1,135,162,11,24,0,5,0,36
105,臺中市西屯區,林厝里,3504,40,9,21,6,139,96,28,27,342,409,140,122,100,134,15,11,51,97,5,2,64,88,63,62,295,279,91,52,2,11,144,137,19,10,0,1,0,1,139,157,25,25,1,5,3,36
105,臺中市西屯區,永安里,12431,79,31,41,13,606,421,103,101,1306,1672,452,402,411,492,70,65,261,314,14,11,301,302,169,167,959,1013,305,256,7,22,496,470,59,39,5,6,1,1,290,466,38,86,4,21,11,72
105,臺中市西屯區,福安里,2705,29,9,8,4,129,89,36,22,302,385,102,108,78,127,9,12,79,84,3,3,37,56,49,63,179,238,73,39,8,16,64,90,8,8,0,2,0,1,45,81,3,15,1,1,2,8
105,臺中市西屯區,協和里,4646,56,8,10,0,118,75,44,24,368,443,176,188,128,133,30,26,100,75,5,8,114,129,56,59,480,447,161,111,3,14,253,262,20,25,5,0,0,0,165,204,25,50,1,9,3,35
105,臺中市西屯區,何仁里,6434,29,8,13,7,267,155,69,45,708,805,257,264,220,223,37,29,160,209,13,10,145,160,109,92,525,608,132,94,8,20,201,298,31,34,7,7,2,0,127,244,13,31,0,1,2,15
105,臺中市西屯區,何德里,3792,17,4,5,1,139,94,41,34,442,474,174,130,132,167,11,17,95,134,4,6,91,111,64,44,264,365,68,78,5,12,118,139,22,31,1,1,0,0,66,149,4,18,0,4,1,15
105,臺中市西屯區,何源里,6879,33,12,18,4,262,153,67,65,791,883,310,271,231,251,38,26,186,235,11,10,174,220,83,101,555,692,152,116,8,21,171,240,24,33,3,6,1,0,106,239,9,39,1,4,2,22
105,臺中市西屯區,西平里,5194,39,14,13,7,207,143,71,37,552,638,220,175,143,174,21,20,130,134,7,8,144,148,92,76,422,434,121,102,7,11,140,199,20,27,4,5,3,0,98,253,30,59,1,5,1,39
105,臺中市西屯區,何南里,4314,14,6,8,5,226,137,51,49,583,681,200,186,126,143,22,26,127,173,7,5,91,106,50,62,276,379,67,63,7,11,74,116,19,20,3,1,0,0,43,123,8,9,0,2,1,8
105,臺中市西屯區,至善里,4424,37,8,16,1,204,146,55,49,478,594,203,182,139,205,14,21,128,163,3,7,88,125,85,82,298,391,95,66,7,17,99,146,19,13,3,3,0,0,46,120,18,29,0,3,0,18
105,臺中市西屯區,上安里,5156,29,13,14,4,256,171,61,46,582,743,238,222,169,238,33,38,153,191,8,6,83,143,101,98,323,444,106,75,5,7,110,170,21,28,2,0,1,0,61,120,5,21,1,3,1,12
105,臺中市西屯區,上德里,4247,33,13,5,3,209,139,53,36,506,585,182,164,137,169,15,17,141,144,4,4,90,133,69,76,285,347,56,61,5,6,92,168,17,17,4,7,0,0,73,149,4,12,0,5,1,11
105,臺中市西屯區,逢福里,5509,28,18,7,7,224,160,65,39,600,681,238,202,180,223,33,19,125,180,7,8,134,169,93,94,429,496,118,87,9,17,167,212,23,29,3,6,0,0,119,205,8,19,0,3,2,23
105,臺中市西屯區,何明里,3788,23,6,15,5,150,92,31,31,432,475,124,124,121,128,37,35,95,135,8,6,86,99,47,43,277,387,68,64,4,16,112,166,13,15,6,9,0,1,80,167,9,17,0,5,0,24
105,臺中市西屯區,何成里,7312,40,20,22,9,307,222,76,57,870,1016,299,284,209,328,61,52,195,261,15,17,172,207,112,115,496,670,154,93,9,14,167,271,30,30,4,5,0,3,107,221,10,17,4,10,2,29
105,臺中市西屯區,何福里,4479,22,9,8,5,188,117,44,30,571,546,179,148,135,148,24,18,113,172,12,8,124,133,68,50,314,431,99,78,8,12,128,166,20,16,3,5,0,0,86,173,14,27,2,2,2,21
105,臺中市西屯區,福和里,4368,9,3,8,4,116,80,45,23,416,463,228,197,127,134,26,23,91,71,5,1,84,101,61,55,442,455,107,81,7,8,212,243,33,30,1,2,0,0,118,169,22,27,0,9,0,31
105,臺中市西屯區,福中里,3374,13,5,3,3,134,76,47,35,335,395,210,156,91,105,19,13,85,84,2,3,79,117,35,48,292,305,86,55,5,4,106,182,17,15,2,4,0,0,53,110,11,15,0,3,1,15
105,臺中市西屯區,福恩里,4757,68,29,13,8,260,177,67,41,588,729,237,212,170,194,24,12,107,149,3,10,83,127,70,69,279,371,99,50,12,15,98,135,26,31,3,4,1,0,41,111,11,10,1,2,0,10
105,臺中市西屯區,福聯里,3108,21,14,4,1,105,88,18,23,315,375,129,137,83,126,17,15,85,89,7,5,84,80,38,55,253,310,93,75,3,8,112,120,16,17,2,2,1,0,48,87,10,13,2,1,3,18
105,臺中市西屯區,福瑞里,3057,33,12,20,6,108,84,29,30,321,406,152,127,108,139,21,20,73,87,0,2,71,98,62,49,209,269,59,71,2,11,88,97,21,20,1,7,0,0,32,74,10,16,0,2,0,10
105,臺中市西屯區,福林里,7301,111,58,35,11,447,374,112,80,923,1152,351,335,218,273,34,29,164,258,8,7,130,192,132,159,304,507,123,86,11,24,106,179,32,31,1,4,1,0,67,149,34,28,0,6,3,12
105,臺中市西屯區,福雅里,5730,36,14,19,11,247,188,53,61,656,807,276,220,158,246,22,24,145,183,6,7,134,163,115,107,374,495,120,87,9,18,152,200,28,40,4,7,1,0,59,179,15,28,0,1,3,12
105,臺中市南屯區,南屯里,8577,58,27,29,17,427,292,102,70,970,1189,329,309,292,390,38,46,206,285,8,9,172,202,139,99,558,733,171,140,11,22,206,311,25,27,13,15,3,1,192,348,12,41,0,7,4,32
105,臺中市南屯區,豐樂里,10980,94,48,39,19,580,460,131,87,1326,1623,526,428,340,425,50,30,261,341,7,12,212,244,214,168,707,817,195,144,2,21,249,311,32,31,14,8,3,0,246,426,13,47,3,5,2,39
105,臺中市南屯區,楓樹里,5944,24,12,10,5,202,137,47,39,578,660,252,210,196,205,31,34,120,119,6,5,154,123,106,75,541,510,148,106,5,5,231,261,21,25,14,12,2,0,219,373,17,47,4,13,3,37
105,臺中市南屯區,中和里,4634,5,1,6,0,107,57,31,23,423,437,153,157,158,147,23,20,85,78,7,4,135,103,37,43,521,417,123,82,1,11,228,255,27,15,20,8,2,2,224,334,16,48,1,10,1,48
105,臺中市南屯區,春社里,6511,12,5,6,2,139,95,46,41,553,583,226,203,210,214,48,26,167,128,5,8,179,156,96,64,671,610,218,142,7,10,370,326,43,27,13,17,3,3,247,420,29,82,2,8,6,45
105,臺中市南屯區,春安里,781,2,2,0,0,20,7,5,3,40,64,31,21,19,23,4,5,25,17,0,1,18,26,10,6,95,83,23,21,2,2,43,40,4,4,4,1,1,0,34,52,5,7,1,0,0,10
105,臺中市南屯區,文山里,9358,19,8,16,8,305,189,72,58,966,1207,397,405,359,421,66,55,197,228,5,8,196,238,136,123,851,907,269,227,8,26,320,342,26,33,13,7,3,1,181,343,26,49,1,7,4,32
105,臺中市南屯區,新生里,1104,3,4,0,0,27,12,10,8,83,87,39,54,33,33,9,2,26,31,2,1,31,26,21,13,107,84,28,18,0,2,43,43,4,6,5,4,1,0,78,82,8,13,1,3,3,16
105,臺中市南屯區,永定里,4898,15,7,10,3,155,133,43,34,475,557,221,200,143,184,21,29,101,140,7,5,107,123,70,74,433,437,124,98,6,11,204,221,12,22,11,5,1,0,149,223,10,36,1,6,1,30
105,臺中市南屯區,三厝里,6887,36,14,19,6,295,191,61,56,635,884,314,323,288,409,29,33,163,230,6,4,137,179,152,176,458,655,194,159,6,15,163,193,21,35,8,7,0,1,88,195,8,23,0,3,3,12
105,臺中市南屯區,溝墘里,5236,56,21,13,6,267,196,64,50,629,792,264,237,147,212,22,23,159,209,5,4,125,150,90,91,259,430,69,71,11,7,101,155,18,28,3,4,0,0,63,142,6,24,1,1,0,11
105,臺中市南屯區,田心里,6246,39,14,11,5,245,179,77,64,713,796,262,231,195,243,37,37,157,186,7,4,129,164,102,106,485,573,117,103,4,12,183,228,16,25,6,10,4,5,146,255,13,33,0,3,1,21
105,臺中市南屯區,黎明里,4472,23,7,19,9,245,126,49,32,575,526,165,141,145,185,18,18,151,181,11,4,130,130,49,46,320,364,81,55,4,10,88,197,9,15,6,18,2,1,67,204,5,24,1,3,0,13
105,臺中市南屯區,鎮平里,1532,1,0,1,1,34,32,13,10,123,134,59,44,46,44,7,8,28,21,0,0,41,25,19,18,161,122,46,25,1,1,93,57,8,6,1,5,1,0,118,112,11,21,0,2,6,26
105,臺中市南屯區,大同里,4912,25,9,14,4,195,144,62,35,603,654,222,197,136,237,14,24,142,179,5,6,120,127,81,70,334,473,94,63,3,14,113,155,11,21,12,9,0,1,83,173,11,20,1,2,1,13
105,臺中市南屯區,文心里,3787,22,7,7,11,182,119,38,24,430,517,157,154,110,167,18,15,93,141,8,3,92,117,70,71,255,318,79,63,1,13,94,129,23,15,5,5,1,0,55,123,9,10,0,0,3,13
105,臺中市南屯區,同心里,5344,25,9,14,2,228,146,70,53,638,687,218,218,150,233,32,27,122,182,8,7,113,162,73,84,374,508,105,93,9,14,119,182,21,34,7,9,0,2,108,199,10,23,1,6,2,17
105,臺中市南屯區,向心里,5227,45,17,22,6,218,171,69,49,568,657,236,198,161,192,22,9,151,175,9,5,134,137,106,73,366,414,118,75,5,9,235,163,31,15,8,5,2,3,117,179,15,18,5,3,1,10
105,臺中市南屯區,大誠里,3580,23,23,17,4,154,125,45,31,426,509,157,126,111,170,19,18,89,129,9,5,89,109,51,58,222,320,57,53,2,7,78,120,9,13,1,6,1,1,46,118,6,13,0,3,1,6
105,臺中市南屯區,大興里,4251,20,8,13,5,144,110,35,35,468,553,175,179,132,167,24,21,118,126,4,7,85,116,67,60,320,429,98,61,6,3,124,153,14,20,7,7,1,1,99,197,5,14,0,2,3,15
105,臺中市南屯區,大業里,6651,37,16,18,5,304,238,75,70,862,969,339,298,190,299,24,31,180,275,8,11,162,212,130,119,324,523,130,112,7,14,119,184,18,29,6,9,0,1,66,185,7,19,1,6,1,18
105,臺中市南屯區,惠中里,7245,84,27,16,12,375,287,95,65,869,1075,334,357,199,322,35,32,229,308,4,8,148,214,156,152,348,589,133,114,6,19,109,181,21,30,7,6,1,0,72,162,6,17,0,3,1,17
105,臺中市南屯區,寶山里,5169,6,8,5,3,136,98,35,34,531,614,224,186,182,223,31,36,132,118,6,7,134,152,74,66,508,504,137,113,6,10,178,210,17,16,9,8,1,2,112,230,10,34,2,1,2,18
105,臺中市南屯區,三和里,8380,69,34,24,11,496,342,84,96,928,1227,408,431,270,475,44,44,246,353,5,11,131,202,220,203,374,649,179,136,8,24,118,187,40,29,12,8,1,1,45,171,9,17,0,5,2,11
105,臺中市南屯區,三義里,6572,56,19,17,10,344,255,76,64,757,998,322,298,216,380,24,33,173,264,7,10,123,148,141,155,329,472,146,122,7,25,113,176,22,26,4,8,0,1,51,142,7,15,0,2,0,14
105,臺中市北屯區,北興里,3421,10,6,2,5,108,69,34,21,353,391,108,122,137,131,11,28,89,93,7,2,69,80,37,35,354,346,90,61,1,10,100,148,24,19,4,5,2,2,67,188,7,9,3,3,5,25
105,臺中市北屯區,北屯里,3537,16,4,6,4,134,107,37,25,371,447,147,140,114,127,21,17,104,130,6,11,83,98,48,49,275,336,86,67,5,10,90,150,15,24,1,3,0,1,52,134,7,12,1,8,0,14
105,臺中市北屯區,三光里,7232,23,9,11,8,242,147,68,49,791,950,298,270,222,263,43,34,175,225,6,12,177,178,86,92,643,782,168,126,14,18,215,289,35,27,6,6,0,0,136,316,7,26,0,9,2,28
105,臺中市北屯區,平田里,5648,6,4,7,9,170,107,49,41,587,632,238,207,187,233,38,22,150,173,8,6,154,169,74,68,528,647,154,114,6,22,158,210,19,37,2,5,0,2,99,253,3,24,0,3,1,22
105,臺中市北屯區,平和里,5287,17,9,15,7,186,121,53,43,614,702,228,224,164,233,31,25,138,186,8,5,103,158,67,95,415,581,128,117,6,21,109,178,29,28,1,0,1,0,60,144,7,14,0,6,0,10
105,臺中市北屯區,東光里,4711,13,4,4,4,115,71,32,27,416,487,154,170,158,157,33,23,115,112,10,9,109,139,64,53,476,479,127,87,7,12,199,246,24,23,4,11,1,3,146,317,5,14,6,13,2,30
105,臺中市北屯區,舊社里,6165,12,7,10,3,191,105,59,32,545,647,251,217,232,234,43,31,148,186,7,8,134,147,95,73,577,662,179,131,5,20,216,280,39,42,6,7,1,0,187,313,7,31,6,13,0,26
105,臺中市北屯區,水景里,13305,55,25,31,15,507,365,136,132,1513,1649,497,455,477,584,69,62,301,374,19,8,271,295,215,176,1128,1341,279,220,7,26,388,474,82,59,11,6,1,0,316,567,28,47,10,26,5,53
105,臺中市北屯區,軍功里,11782,42,20,31,12,396,242,105,105,1210,1351,446,403,411,492,52,70,261,298,7,6,262,240,178,149,1065,1210,298,215,10,27,399,435,67,71,7,10,1,2,384,606,23,51,9,35,14,54
105,臺中市北屯區,和平里,9346,38,9,26,6,279,210,82,68,871,1135,354,330,299,431,61,42,213,215,8,12,192,202,139,124,942,972,237,152,11,29,306,380,57,41,12,6,2,0,263,433,14,40,11,39,7,46
105,臺中市北屯區,東山里,2085,14,3,1,3,46,35,9,12,165,188,73,65,53,59,9,5,42,43,2,1,41,38,17,22,263,219,48,36,1,1,109,84,9,9,2,2,0,1,125,152,9,19,7,28,1,14
105,臺中市北屯區,民政里,1025,2,1,1,1,16,11,5,4,70,81,36,31,27,26,8,6,16,21,0,0,32,21,9,8,137,88,23,13,0,0,80,63,8,7,1,1,0,0,59,71,4,1,7,19,0,10
105,臺中市北屯區,廍子里,7543,33,13,19,13,351,239,84,64,978,1130,304,243,281,360,60,38,173,222,11,9,143,181,92,97,554,729,143,110,6,9,178,199,30,24,3,3,2,0,120,217,9,20,5,20,2,22
105,臺中市北屯區,大坑里,2188,7,3,5,1,45,19,17,7,196,204,89,74,50,57,13,11,48,49,2,0,49,47,25,19,256,223,78,38,2,7,94,91,14,18,1,1,1,0,99,154,14,18,4,25,2,11
105,臺中市北屯區,民德里,950,4,1,0,0,26,20,10,2,73,78,33,36,34,39,2,2,15,19,0,0,22,16,11,9,115,69,23,15,1,4,55,45,4,7,4,0,0,0,59,53,2,13,3,16,1,9
105,臺中市北屯區,松竹里,8366,41,22,21,10,346,297,99,68,1028,1178,325,309,288,384,38,40,241,302,5,7,160,218,144,135,561,773,173,125,10,25,167,270,32,46,5,10,0,1,119,262,6,29,2,11,1,32
105,臺中市北屯區,仁和里,9115,35,18,21,4,325,249,91,60,952,1016,343,288,299,331,40,40,255,240,12,6,226,216,150,129,859,840,217,166,11,22,398,329,83,70,11,10,0,0,253,347,19,50,7,34,6,37
105,臺中市北屯區,仁美里,7653,27,10,11,5,325,217,75,69,777,982,282,294,277,350,41,42,173,214,7,7,142,161,99,102,637,673,180,134,9,19,243,264,51,25,0,2,0,1,219,384,11,38,0,26,10,38
105,臺中市北屯區,四民里,1653,4,3,1,1,39,23,10,10,150,150,68,55,53,48,8,6,26,28,1,2,36,30,23,11,199,176,48,32,0,1,72,79,7,7,1,1,0,0,72,127,5,13,0,10,3,14
105,臺中市北屯區,后庄里,9780,37,10,16,11,364,244,94,63,1045,1125,366,350,364,428,60,45,226,291,12,7,207,254,126,151,857,976,229,164,16,17,273,412,73,63,8,4,2,1,200,468,14,37,3,28,3,36
105,臺中市北屯區,同榮里,5409,22,7,5,3,167,113,40,47,546,588,221,181,169,203,23,25,121,137,7,6,132,123,67,48,553,506,168,125,7,12,198,218,38,29,1,3,1,0,156,306,14,32,0,8,2,31
105,臺中市北屯區,仁愛里,1150,1,0,2,0,31,14,12,6,127,130,27,32,34,38,6,2,25,23,3,0,46,37,8,4,119,116,29,23,1,3,44,54,7,8,1,0,0,0,35,87,0,8,0,1,0,6
105,臺中市北屯區,水湳里,6642,25,11,10,2,189,129,47,39,648,694,224,227,198,251,37,32,157,152,6,6,196,205,88,61,657,611,168,109,12,16,271,341,31,37,6,5,0,1,210,421,13,40,5,19,1,34
105,臺中市北屯區,陳平里,4635,8,2,5,2,140,97,50,29,480,478,209,175,133,154,24,13,113,140,5,3,97,121,55,68,429,476,118,98,4,12,169,234,35,20,4,4,1,2,121,238,13,21,3,10,3,19
105,臺中市北屯區,新平里,4352,16,5,9,3,96,56,31,23,387,424,148,107,111,140,26,17,91,96,10,6,144,106,45,47,476,428,109,97,7,13,210,247,21,31,6,5,2,0,128,333,15,28,1,17,4,30
105,臺中市北屯區,平安里,5334,24,6,6,4,216,112,58,45,575,576,209,171,188,192,34,26,134,166,4,8,141,138,48,57,479,582,117,93,8,10,171,236,20,27,4,6,1,0,131,242,14,20,0,5,3,27
105,臺中市北屯區,平順里,3236,3,1,6,2,85,62,28,24,367,379,123,133,111,129,21,13,74,78,4,6,71,87,29,44,319,360,67,59,4,10,113,153,17,16,3,2,0,1,52,141,3,18,1,2,1,14
105,臺中市北屯區,平德里,6377,34,14,18,8,251,181,70,39,786,877,235,218,192,259,34,41,183,224,3,7,129,184,81,82,460,658,156,120,12,14,138,227,12,49,2,9,2,0,90,215,13,14,2,17,1,16
105,臺中市北屯區,松安里,5010,10,2,10,4,146,116,37,33,494,604,185,201,177,187,40,31,129,129,7,5,108,128,58,54,492,537,124,92,6,17,149,223,23,32,2,1,1,0,130,248,7,14,2,6,0,9
105,臺中市北屯區,松茂里,5449,17,10,17,3,201,120,66,38,610,646,220,220,177,192,21,35,163,178,6,5,122,143,76,71,489,559,132,104,7,15,141,207,35,27,3,5,2,0,92,222,11,17,2,3,1,18
105,臺中市北屯區,大德里,5109,18,10,10,0,150,98,54,41,542,535,235,198,167,165,29,22,127,157,6,2,134,128,59,56,488,509,132,83,10,9,164,246,30,23,4,3,0,1,119,281,8,25,1,8,5,17
105,臺中市北屯區,松強里,6367,29,9,11,4,245,196,70,49,759,883,231,228,237,287,25,36,167,211,9,11,126,162,99,93,490,651,131,116,7,9,162,194,24,23,1,3,0,1,97,214,9,23,4,6,4,21
105,臺中市北屯區,松勇里,5354,17,6,11,3,180,115,58,39,579,619,219,190,219,193,33,25,132,151,7,5,104,132,82,85,477,556,133,102,4,17,158,197,38,32,6,2,0,1,113,257,3,21,4,10,2,17
105,臺中市北屯區,北京里,3300,12,4,8,3,108,68,24,30,366,378,119,93,132,110,15,14,85,106,2,5,72,83,53,26,295,352,70,53,0,9,109,149,29,8,1,9,3,1,86,176,7,9,2,3,5,8
105,臺中市北屯區,平心里,4895,18,6,7,2,165,111,51,35,498,579,212,194,160,202,38,16,123,156,7,8,101,140,58,64,394,568,128,86,4,14,158,221,23,27,2,5,2,0,74,190,8,20,0,7,0,13
105,臺中市北屯區,平福里,3818,23,6,17,1,147,129,42,36,491,533,147,151,126,169,17,18,99,125,4,3,90,79,67,61,272,409,58,63,5,10,66,124,22,11,1,1,1,0,50,114,6,13,0,1,2,8
105,臺中市北屯區,松和里,6729,17,5,12,2,168,89,49,38,638,676,255,262,230,258,52,45,162,166,8,7,157,185,95,85,723,765,193,139,12,22,222,310,37,39,6,11,0,2,162,321,14,33,3,18,3,33
105,臺中市北屯區,平陽里,5061,15,9,6,9,180,116,40,39,523,608,221,186,161,210,24,21,135,158,7,10,120,149,73,77,426,541,129,115,8,16,130,195,37,24,4,8,1,0,83,186,8,22,4,5,3,19
105,臺中市北屯區,平興里,6672,16,8,10,5,166,119,59,38,675,793,279,237,229,291,40,36,142,197,9,11,156,224,96,90,625,742,206,156,12,17,192,262,32,48,5,3,1,2,111,256,13,29,2,8,2,22
105,臺中市北屯區,平昌里,4566,15,6,10,6,140,104,35,32,469,541,167,166,155,182,23,23,123,131,9,3,134,132,61,43,392,467,105,84,5,11,155,183,37,27,2,9,2,0,81,237,7,22,1,6,2,21
105,臺中市北屯區,三和里,5911,13,5,7,7,157,110,56,46,583,650,204,231,187,204,50,31,129,145,8,7,151,151,63,59,600,619,163,128,10,16,207,294,46,46,4,5,0,2,143,301,9,28,1,9,2,24
105,臺中市北屯區,忠平里,4134,10,4,10,0,122,73,35,35,405,442,178,173,147,153,21,24,110,121,6,5,82,128,57,57,379,489,95,75,5,16,135,181,21,32,1,3,0,0,86,168,9,14,1,6,1,19
105,臺中市豐原區,豐原里,2320,7,3,4,0,52,35,17,17,233,233,87,67,68,56,23,11,56,66,7,5,54,68,25,21,219,238,58,46,1,5,99,129,16,19,4,5,0,0,77,156,6,10,0,2,2,13
105,臺中市豐原區,頂街里,966,4,4,2,0,23,15,9,2,98,94,35,25,17,27,8,8,35,32,0,0,29,32,15,10,79,98,18,17,2,4,39,56,9,3,2,6,0,0,34,65,0,2,0,0,2,6
105,臺中市豐原區,中山里,869,5,2,4,1,25,16,8,7,107,107,25,26,20,26,5,1,32,27,0,0,24,15,8,15,75,81,16,7,0,2,22,58,2,3,2,11,0,2,26,49,1,3,0,1,0,2
105,臺中市豐原區,豐榮里,1183,9,1,1,1,31,29,14,7,124,147,39,39,38,47,4,12,32,44,0,2,40,30,12,15,94,99,31,13,0,4,30,54,8,3,4,5,0,1,28,73,1,4,0,5,1,7
105,臺中市豐原區,下街里,781,3,1,2,1,17,17,6,4,74,66,28,14,19,19,1,3,37,22,1,2,17,14,9,4,82,88,25,11,2,4,23,44,5,3,3,3,0,0,32,60,1,4,0,1,0,9
105,臺中市豐原區,富春里,809,2,1,3,0,21,10,7,5,86,82,30,29,10,24,5,1,30,30,2,1,19,15,9,11,83,95,20,10,1,1,36,35,1,5,2,5,0,0,23,56,0,2,0,0,0,1
105,臺中市豐原區,葫蘆里,682,1,0,2,1,28,19,3,3,65,66,24,22,24,20,3,5,25,24,0,1,18,9,8,7,71,66,16,9,1,2,21,32,1,1,3,6,0,0,25,44,0,4,0,0,0,2
105,臺中市豐原區,豐西里,1706,4,4,1,1,59,32,18,13,180,172,61,57,45,45,4,8,44,51,0,4,37,49,21,17,176,170,37,22,1,3,53,72,3,11,5,4,1,0,72,120,3,10,0,3,1,12
105,臺中市豐原區,西安里,5309,13,4,14,3,146,113,53,34,512,598,210,167,172,189,29,22,151,163,9,3,75,96,78,69,504,531,109,100,9,13,183,228,39,26,14,16,0,0,177,360,10,20,5,5,3,34
105,臺中市豐原區,西勢里,2249,6,0,2,1,79,57,20,19,230,235,88,65,79,83,17,8,67,76,8,3,53,42,19,25,208,226,52,36,2,5,65,92,7,12,3,5,2,1,81,139,5,8,1,2,3,12
105,臺中市豐原區,東勢里,1537,4,2,2,4,44,38,17,5,141,146,47,58,39,38,9,5,40,31,4,4,34,37,15,21,158,155,46,23,5,6,58,91,10,8,6,6,0,0,58,100,1,7,0,1,2,11
105,臺中市豐原區,民生里,1205,5,2,2,1,28,16,12,6,108,120,36,56,26,48,8,4,25,27,1,1,35,29,9,18,130,110,30,17,1,4,49,69,6,3,1,4,1,1,55,85,2,3,1,4,2,4
105,臺中市豐原區,大湳里,2610,6,0,5,2,85,52,16,20,230,241,94,107,60,76,15,8,77,71,5,1,53,55,30,27,269,246,73,53,4,6,129,136,12,15,11,10,1,0,86,178,7,14,1,1,2,20
105,臺中市豐原區,北湳里,3093,5,6,1,3,80,49,29,18,262,280,133,110,83,89,21,10,65,65,8,8,78,53,34,25,348,320,90,68,9,6,139,151,10,16,8,4,0,1,112,223,7,27,1,1,7,30
105,臺中市豐原區,東湳里,4255,3,1,3,1,57,23,17,15,283,314,163,140,120,123,27,17,59,67,4,2,70,75,44,41,546,409,154,97,7,17,329,266,29,35,9,3,0,0,247,334,8,31,2,0,14,49
105,臺中市豐原區,西湳里,9042,7,4,14,5,203,115,50,38,736,819,349,298,252,286,71,58,187,185,12,12,183,172,123,120,998,880,287,187,18,17,497,539,70,61,19,14,0,0,405,583,26,49,4,10,9,70
105,臺中市豐原區,圳寮里,1287,3,1,1,0,53,30,7,12,109,132,47,41,31,37,5,9,23,26,0,3,30,25,17,11,135,120,30,18,2,4,66,61,8,5,6,5,1,1,55,93,4,4,0,4,2,10
105,臺中市豐原區,豐圳里,3382,2,1,3,2,82,51,26,19,327,283,123,103,119,107,25,19,71,73,8,1,75,54,26,33,353,350,101,60,3,7,179,203,33,19,8,2,1,1,134,248,8,14,2,3,1,19
105,臺中市豐原區,社皮里,10252,8,7,12,6,202,142,85,56,826,942,408,407,270,338,72,59,218,247,15,11,235,228,125,107,1081,1099,340,231,13,31,551,618,59,56,10,12,1,1,367,600,17,37,3,14,8,77
105,臺中市豐原區,三村里,6500,14,7,7,4,169,91,51,30,564,626,246,192,207,216,32,30,138,158,11,8,134,129,84,81,686,688,183,132,7,20,304,358,35,36,7,11,2,2,299,408,12,24,1,4,5,47
105,臺中市豐原區,中興里,3028,7,2,1,5,77,40,19,23,237,275,132,109,112,87,11,22,81,81,6,1,61,53,33,36,289,294,103,63,5,8,127,184,20,21,4,8,2,1,121,189,13,20,0,6,11,28
105,臺中市豐原區,田心里,6562,10,3,9,2,152,88,42,43,550,599,253,221,183,202,39,33,163,183,6,14,153,112,71,63,703,702,246,117,7,22,355,341,52,39,9,11,2,1,267,392,15,32,3,5,7,40
105,臺中市豐原區,豐田里,10515,11,4,8,5,214,133,59,58,819,914,401,350,300,339,76,66,208,188,19,11,165,170,116,101,1221,1103,340,223,10,33,596,618,68,62,14,16,4,3,523,735,26,73,1,8,17,86
105,臺中市豐原區,鎌村里,4811,7,2,3,2,75,53,21,29,368,391,141,153,162,135,45,31,69,72,7,8,95,71,44,47,583,515,181,126,6,13,268,308,40,38,5,8,1,0,252,334,14,29,3,4,10,42
105,臺中市豐原區,南陽里,10650,18,6,18,3,269,174,75,74,904,1100,436,401,311,423,88,60,253,280,26,9,185,201,161,136,1026,1147,318,250,17,32,469,550,62,65,19,20,1,2,353,582,22,42,1,7,5,49
105,臺中市豐原區,陽明里,2814,11,3,6,1,78,54,21,14,272,312,97,104,79,123,19,11,65,79,4,3,67,61,39,37,275,307,53,53,8,10,87,112,13,17,4,2,0,0,84,189,5,8,1,4,2,20
105,臺中市豐原區,北陽里,13439,28,10,16,4,378,214,105,90,1146,1368,503,453,377,439,94,77,305,352,15,10,247,232,148,175,1426,1350,398,262,17,37,649,726,91,72,26,18,4,2,500,848,30,69,1,10,9,108
105,臺中市豐原區,中陽里,5365,10,4,10,2,148,104,34,49,477,578,168,166,160,210,38,27,138,139,6,5,101,102,78,69,522,571,165,96,9,20,223,277,27,26,15,13,4,0,170,325,11,20,3,7,5,33
105,臺中市豐原區,東陽里,1653,3,1,1,2,29,14,11,8,118,122,47,42,30,42,8,11,26,30,2,3,44,30,14,15,191,146,58,44,0,5,138,94,20,12,1,0,1,1,113,120,5,12,4,9,1,25
105,臺中市豐原區,南村里,5408,12,4,5,2,122,92,41,31,466,556,213,195,156,185,41,23,126,136,10,3,121,109,79,65,528,592,140,99,11,16,242,296,29,31,8,10,3,0,203,328,14,22,3,5,3,32
105,臺中市豐原區,南田里,3371,2,2,4,2,49,35,28,14,258,284,115,91,78,74,44,15,54,37,4,4,70,61,27,26,399,326,114,94,0,9,230,205,17,20,6,6,2,2,205,284,12,20,3,5,5,29
105,臺中市豐原區,南嵩里,3378,6,2,3,1,65,31,11,9,284,337,121,93,104,100,22,24,50,70,3,3,52,59,34,25,428,328,104,69,2,8,198,201,25,18,10,7,1,0,178,219,8,22,1,0,9,33
105,臺中市豐原區,翁明里,2223,2,0,2,3,70,38,13,12,165,198,92,76,78,65,21,11,39,56,1,4,46,49,27,23,230,259,68,41,1,8,108,118,21,11,6,1,1,0,87,142,7,5,0,0,2,16
105,臺中市豐原區,翁子里,2952,1,1,3,2,62,32,26,7,239,232,106,79,88,91,28,24,65,54,5,1,60,61,28,22,343,285,112,53,2,11,180,175,17,10,18,5,3,0,139,236,5,15,1,3,2,20
105,臺中市豐原區,翁社里,2165,4,1,3,0,30,22,16,11,141,158,72,54,48,57,16,12,28,22,5,2,33,38,16,15,274,233,74,47,0,10,159,136,27,10,6,4,0,0,157,193,2,9,0,5,0,15
105,臺中市豐原區,朴子里,3474,3,1,3,1,43,34,19,22,234,282,97,113,85,84,16,15,58,39,3,4,59,63,34,22,437,329,127,71,1,7,273,234,39,23,14,0,2,0,231,273,9,21,0,3,7,39
105,臺中市東勢區,北興里,1362,0,1,1,1,26,14,3,5,105,126,39,28,51,36,8,3,36,31,6,4,40,27,12,13,180,132,38,25,1,6,88,74,6,4,5,2,1,0,51,110,6,5,0,2,1,9
105,臺中市東勢區,中寧里,874,0,0,0,0,14,9,5,5,61,74,26,15,26,27,3,4,22,11,1,0,19,25,9,8,112,93,20,15,2,3,40,67,2,3,3,1,0,0,50,82,2,2,0,2,2,9
105,臺中市東勢區,東安里,1102,1,0,2,0,26,15,7,4,118,81,37,31,31,29,4,1,37,34,2,2,30,27,7,11,134,110,26,22,0,4,34,62,6,3,7,4,2,0,42,98,3,3,0,0,0,5
105,臺中市東勢區,南平里,1959,6,0,3,1,38,21,17,9,157,160,62,57,79,62,10,6,44,43,8,5,55,46,17,20,236,189,35,32,4,6,112,121,13,7,7,3,0,0,76,154,5,7,1,0,2,23
105,臺中市東勢區,延平里,2364,3,4,0,1,54,29,14,10,192,192,78,72,72,54,8,8,71,58,4,2,59,53,18,10,274,261,63,56,3,5,108,131,14,15,6,5,2,2,111,211,4,6,0,1,1,19
105,臺中市東勢區,上新里,1037,0,2,0,0,23,16,2,5,94,87,30,37,33,20,2,7,16,22,2,0,19,25,9,10,126,93,35,23,1,3,59,62,5,4,4,4,1,0,43,92,6,5,0,0,0,10
105,臺中市東勢區,廣興里,1501,2,2,1,1,49,35,11,6,143,114,41,31,54,39,9,5,50,42,1,1,29,28,12,16,172,158,48,21,5,8,66,71,4,2,5,3,2,0,61,121,9,5,0,3,3,12
105,臺中市東勢區,泰昌里,3655,3,1,1,2,96,55,18,17,313,310,105,110,105,91,17,21,90,89,9,3,96,74,32,17,454,346,102,72,3,13,162,224,14,17,9,9,1,0,174,299,21,24,0,1,3,32
105,臺中市東勢區,中嵙里,1985,1,0,3,1,20,14,9,5,113,114,49,47,58,30,16,11,44,36,3,2,41,36,18,16,292,210,59,39,2,7,119,122,7,10,10,4,3,0,142,211,10,11,0,2,5,33
105,臺中市東勢區,福隆里,3782,3,3,5,2,71,40,21,23,249,278,119,114,106,100,41,12,47,66,5,5,61,69,36,28,535,439,129,66,2,14,243,234,16,11,14,3,0,0,186,308,8,24,1,6,5,34
105,臺中市東勢區,隆興里,1530,1,0,0,0,7,7,3,5,93,86,24,41,34,30,14,10,25,17,2,0,26,29,9,7,223,156,41,31,5,5,151,109,7,6,10,1,3,0,110,137,5,10,2,4,10,34
105,臺中市東勢區,新盛里,5191,4,2,1,1,75,51,37,25,363,417,158,136,146,134,40,18,83,63,6,9,128,99,40,31,726,546,157,110,3,22,342,340,27,23,14,8,1,1,264,430,13,19,2,11,8,57
105,臺中市東勢區,詒福里,1717,0,0,1,2,20,5,8,3,99,110,36,39,27,24,4,4,34,30,1,2,34,31,7,11,247,163,64,34,3,11,147,122,6,8,8,3,2,1,124,187,5,12,0,0,3,35
105,臺中市東勢區,上城里,1041,0,0,0,0,15,4,7,5,72,77,29,22,21,24,3,7,30,18,1,1,19,16,5,9,154,87,36,18,1,4,62,64,7,3,6,4,1,0,71,123,0,9,0,2,0,4
105,臺中市東勢區,下城里,914,1,0,1,1,7,3,4,3,51,57,21,19,19,14,4,3,21,13,3,2,20,19,7,4,138,85,31,18,0,1,77,64,3,5,5,3,0,0,56,117,3,2,0,2,1,6
105,臺中市東勢區,慶東里,1940,2,0,2,0,16,9,10,4,119,88,50,52,50,39,8,2,32,19,3,1,52,39,20,9,252,168,62,47,2,5,168,133,9,12,9,2,2,0,165,220,3,16,0,1,5,33
105,臺中市東勢區,慶福里,1386,2,0,1,0,17,8,2,4,71,81,35,34,27,19,6,5,23,17,4,2,37,33,15,7,181,118,46,25,0,5,140,83,3,8,9,3,0,0,117,159,5,11,1,0,4,18
105,臺中市東勢區,東新里,1991,2,1,2,0,49,26,10,10,154,143,54,44,63,54,16,11,43,49,4,5,51,42,15,24,288,186,60,39,4,2,112,129,10,7,8,3,0,3,92,147,1,9,0,1,2,16
105,臺中市東勢區,粵寧里,2130,3,0,2,1,35,30,12,6,146,155,48,51,56,66,15,12,42,40,0,2,56,52,11,19,288,215,81,41,2,5,138,135,5,12,10,5,0,0,108,178,4,16,0,1,1,25
105,臺中市東勢區,下新里,1740,1,0,1,0,24,11,9,12,118,131,44,54,50,30,7,8,29,28,5,0,27,32,9,8,253,160,59,19,2,4,131,110,3,5,16,2,0,0,106,187,3,16,1,1,2,22
105,臺中市東勢區,興隆里,1264,0,1,0,0,10,7,6,8,83,76,30,30,23,24,13,4,22,14,1,2,18,18,13,8,211,116,46,24,1,5,113,76,4,9,6,3,2,0,87,112,2,9,1,1,4,21
105,臺中市東勢區,茂興里,1864,0,1,0,1,25,14,6,4,82,108,43,42,30,30,9,6,42,24,6,4,59,44,8,16,254,172,75,38,1,3,188,125,10,5,13,1,3,2,127,178,5,19,0,4,5,32
105,臺中市東勢區,泰興里,745,0,0,1,0,13,8,4,1,37,40,18,12,12,9,4,4,10,14,2,1,15,12,5,5,100,67,23,10,1,3,78,44,1,3,0,2,0,1,79,83,0,3,0,0,2,18
105,臺中市東勢區,埤頭里,698,0,1,1,0,5,4,1,1,42,35,22,23,16,5,2,3,9,12,0,1,9,10,3,5,88,70,19,10,0,2,80,36,4,4,2,1,0,0,68,83,2,4,1,0,1,13
105,臺中市東勢區,明正里,1429,1,0,1,1,12,3,4,3,53,65,29,29,26,23,5,2,9,14,1,1,36,38,23,12,154,124,58,29,1,6,217,94,12,9,3,0,1,0,110,159,5,11,1,4,8,32
105,臺中市大甲區,朝陽里,1421,1,1,3,0,37,31,10,12,138,158,67,39,54,48,5,6,30,41,0,1,45,37,21,18,142,133,34,26,5,7,40,64,3,7,1,1,2,1,39,94,1,8,2,1,0,7
105,臺中市大甲區,大甲里,1095,1,0,3,1,33,10,7,12,119,111,42,32,31,31,9,4,24,31,1,2,53,49,18,22,86,94,21,17,3,3,38,42,4,3,4,2,2,0,39,79,1,2,1,3,1,4
105,臺中市大甲區,順天里,1632,3,2,1,1,39,24,12,11,154,147,53,49,40,36,12,7,49,34,2,2,61,48,26,17,161,133,41,23,1,3,69,88,10,9,4,4,1,1,78,145,2,6,1,7,2,13
105,臺中市大甲區,孔門里,838,3,0,0,1,11,16,6,8,72,68,30,26,32,29,6,3,22,12,1,1,38,24,18,13,75,79,23,15,0,1,51,40,10,4,1,0,0,1,35,56,0,3,0,2,0,2
105,臺中市大甲區,平安里,2232,2,0,2,0,59,41,15,13,186,209,97,68,81,58,11,8,35,39,0,1,80,71,23,27,209,209,63,41,3,10,107,133,10,9,4,3,2,2,87,176,4,10,0,3,3,18
105,臺中市大甲區,庄美里,2212,3,3,1,1,58,30,16,10,187,236,89,60,61,45,7,4,50,31,2,2,47,61,35,36,229,175,66,23,0,3,112,135,10,7,0,2,1,1,124,193,5,8,0,3,4,36
105,臺中市大甲區,新美里,3561,4,1,3,2,97,53,27,9,279,338,127,118,95,83,21,11,58,43,6,2,105,75,48,55,339,319,87,57,9,11,224,217,14,28,5,2,1,0,181,328,10,20,0,5,4,40
105,臺中市大甲區,岷山里,2160,4,1,1,3,56,30,8,9,180,194,75,66,58,46,21,13,41,36,0,4,58,58,38,20,222,201,50,36,2,5,147,137,12,10,3,2,0,1,102,168,4,14,1,2,4,17
105,臺中市大甲區,中山里,4507,8,1,2,3,90,58,34,31,323,406,185,157,125,117,36,26,73,63,10,6,113,118,67,79,488,460,141,96,2,11,257,283,19,21,1,5,4,1,159,331,10,27,1,10,9,40
105,臺中市大甲區,南陽里,840,4,0,2,2,25,10,6,2,72,66,15,21,31,26,5,3,14,15,3,0,24,30,12,12,87,65,25,17,1,1,57,49,6,5,0,0,0,0,39,62,1,3,0,2,1,19
105,臺中市大甲區,薰風里,920,1,2,1,0,24,19,5,4,72,80,30,22,27,12,6,5,18,19,0,0,35,28,13,13,100,77,29,23,1,3,39,46,7,5,2,1,0,0,48,84,2,3,1,2,1,10
105,臺中市大甲區,義和里,3268,4,0,3,2,60,47,27,14,270,294,116,93,70,80,15,12,38,52,3,1,89,79,39,31,362,271,98,58,3,9,220,193,19,11,7,4,0,0,193,275,6,26,2,6,7,59
105,臺中市大甲區,武陵里,1204,1,0,0,1,24,9,5,5,74,74,39,28,33,26,9,8,15,18,1,0,25,22,12,16,146,99,23,24,1,3,102,90,5,7,1,2,1,1,93,99,7,7,3,3,6,36
105,臺中市大甲區,文曲里,1170,0,0,0,0,12,9,3,8,58,67,25,37,27,23,4,7,14,17,0,3,31,24,10,16,124,91,32,30,0,1,127,78,8,2,1,0,0,0,98,90,11,13,3,0,17,49
105,臺中市大甲區,武曲里,1850,1,0,1,0,32,17,9,6,150,179,70,51,58,45,10,12,25,29,1,2,42,46,28,28,181,143,47,25,1,6,126,114,15,11,3,2,0,0,116,162,8,12,1,2,5,28
105,臺中市大甲區,文武里,5555,12,1,4,5,163,117,55,36,518,533,209,198,178,187,29,22,94,100,8,4,172,163,84,82,493,466,119,94,11,15,249,303,30,35,9,10,6,0,221,410,6,26,3,11,5,59
105,臺中市大甲區,奉化里,2103,3,1,3,1,45,40,25,15,169,184,89,89,53,67,8,6,38,32,4,4,46,46,46,32,197,176,63,42,3,5,119,139,12,8,7,2,2,0,92,140,0,11,1,8,3,27
105,臺中市大甲區,德化里,1843,1,0,1,0,21,18,6,8,133,144,50,71,50,38,9,2,20,18,0,1,45,33,37,29,209,166,67,36,0,5,151,124,8,12,1,1,0,0,114,140,12,15,3,10,4,30
105,臺中市大甲區,江南里,1406,0,0,2,0,17,18,13,4,106,108,61,51,33,20,8,2,11,13,0,0,45,29,18,16,168,132,48,20,0,3,99,115,5,8,1,0,0,1,81,98,3,10,2,1,10,26
105,臺中市大甲區,頂店里,4575,9,1,4,6,100,68,32,25,397,465,142,159,120,119,23,23,78,67,1,5,125,130,69,51,454,388,116,98,2,6,292,266,33,21,6,3,3,0,236,311,10,28,3,12,12,56
105,臺中市大甲區,太白里,1332,0,0,1,0,15,10,8,6,94,94,32,41,23,30,8,7,19,16,0,0,23,32,18,15,158,107,46,28,0,3,123,81,7,7,4,0,2,0,89,84,10,16,1,0,13,61
105,臺中市大甲區,孟春里,4150,2,0,1,4,67,37,28,17,298,368,134,100,84,106,24,28,53,50,6,4,113,106,61,58,451,356,130,106,3,14,327,324,22,24,4,3,3,1,188,282,13,26,6,10,24,84
105,臺中市大甲區,幸福里,2690,1,1,1,2,41,26,12,9,168,194,66,78,45,40,11,8,42,28,4,2,62,64,28,29,292,186,95,63,3,11,276,193,14,11,3,0,0,0,185,215,19,36,8,10,26,82
105,臺中市大甲區,日南里,5578,0,2,3,1,90,34,37,29,440,469,193,191,138,115,47,32,80,78,6,2,137,131,69,67,616,561,199,101,3,22,427,414,26,41,6,4,0,0,249,382,10,39,7,18,10,52
105,臺中市大甲區,龍泉里,1589,0,0,0,0,20,12,10,2,100,116,39,49,36,33,7,5,19,14,2,0,38,31,14,16,177,115,58,23,1,5,160,109,6,3,4,0,4,0,114,139,11,17,5,5,15,55
105,臺中市大甲區,西岐里,1742,3,1,1,0,23,20,9,4,120,132,53,60,30,37,8,8,22,31,3,0,45,45,30,11,178,134,66,29,2,4,157,137,5,10,2,1,0,0,103,134,10,22,1,2,3,46
105,臺中市大甲區,銅安里,1410,2,3,1,0,19,6,9,5,93,93,34,30,26,29,5,2,25,20,1,3,32,36,12,13,159,94,42,28,1,5,150,94,10,7,0,0,1,0,133,117,7,29,0,5,4,25
105,臺中市大甲區,福德里,1172,2,0,0,0,9,2,4,5,52,99,27,35,14,28,6,4,10,7,1,1,31,24,13,19,119,101,41,25,1,6,140,92,7,7,0,1,1,0,76,87,8,8,6,11,7,35
105,臺中市大甲區,建興里,1561,0,1,0,0,11,7,4,4,68,96,60,49,25,25,7,3,11,13,1,1,41,43,24,18,154,116,47,44,4,7,195,119,7,10,1,0,0,0,117,121,10,15,1,6,21,54
105,臺中市清水區,鰲峰里,1126,2,0,3,0,31,17,5,13,104,77,27,29,24,32,8,2,20,18,3,0,28,22,15,12,154,102,19,15,3,6,38,51,3,7,1,0,0,0,71,132,5,11,1,3,2,10
105,臺中市清水區,靈泉里,1044,4,2,2,0,41,27,5,2,129,130,46,32,24,18,3,3,23,28,1,0,35,28,15,12,81,106,18,15,2,0,37,38,3,3,3,0,0,0,32,78,3,7,0,1,1,6
105,臺中市清水區,清水里,2161,3,1,4,4,70,51,20,23,210,221,87,64,57,87,7,8,56,33,1,0,51,52,31,35,238,171,56,40,3,4,80,106,4,5,4,3,0,0,71,156,8,12,2,2,1,19
105,臺中市清水區,文昌里,712,1,0,0,1,16,14,10,3,64,74,29,17,23,14,5,3,18,18,1,0,21,27,7,6,63,59,16,24,1,2,30,43,6,6,1,3,1,1,31,44,0,2,0,1,0,6
105,臺中市清水區,南寧里,1824,7,6,2,0,48,32,13,15,211,187,64,56,56,68,9,9,46,32,4,1,52,36,27,18,190,152,35,22,2,2,67,82,5,10,1,1,1,0,78,137,5,10,1,2,1,21
105,臺中市清水區,西寧里,1634,3,1,1,0,36,23,9,9,138,143,51,47,48,44,7,2,37,25,3,2,59,36,25,22,200,141,34,27,2,8,74,83,11,11,1,2,0,0,81,148,1,17,0,2,1,19
105,臺中市清水區,北寧里,718,0,2,0,0,13,6,1,1,55,46,18,15,20,22,7,1,15,5,1,1,20,11,7,5,89,60,20,19,0,3,47,41,5,6,0,0,0,0,54,72,1,6,0,1,3,19
105,臺中市清水區,中興里,430,0,0,0,0,6,10,1,4,45,31,16,10,6,16,1,0,7,12,1,1,27,11,7,7,42,32,12,3,0,0,23,25,1,1,0,1,0,0,24,35,2,3,0,2,0,5
105,臺中市清水區,西社里,2313,4,4,1,0,65,50,24,17,229,230,98,53,61,74,13,5,43,44,0,6,62,47,32,16,234,204,39,31,1,7,96,96,22,10,2,1,1,0,131,190,11,16,1,5,0,37
105,臺中市清水區,南社里,9542,9,4,11,5,252,150,74,50,852,905,413,343,343,350,55,45,188,206,10,14,198,179,127,146,957,917,279,201,10,48,486,445,73,65,6,3,2,3,355,546,30,62,8,13,7,97
105,臺中市清水區,裕嘉里,1579,3,0,0,0,35,14,12,8,119,141,41,59,41,38,7,10,17,24,2,3,22,16,13,18,177,131,54,30,0,1,125,84,12,15,2,1,0,0,107,133,9,18,0,2,6,29
105,臺中市清水區,臨江里,1635,0,2,3,0,26,13,10,9,127,123,47,30,34,33,11,7,20,12,2,0,27,23,12,14,201,146,41,23,1,1,126,89,16,5,4,0,1,0,145,133,11,28,7,2,11,59
105,臺中市清水區,秀水里,4376,2,2,2,4,104,59,32,30,376,385,146,123,133,108,21,21,65,66,2,2,85,76,27,38,495,395,118,88,3,10,313,287,24,20,7,3,2,1,246,313,16,34,3,3,8,78
105,臺中市清水區,武鹿里,3440,4,1,3,1,80,44,30,10,268,300,115,83,101,94,18,16,58,48,2,4,61,60,22,35,385,297,90,61,3,9,279,242,20,12,2,2,1,0,220,218,13,37,6,3,7,75
105,臺中市清水區,海濱里,2075,1,0,1,0,17,18,6,3,127,143,67,60,41,36,11,10,21,23,1,0,46,45,23,22,241,182,76,45,1,6,168,119,15,10,2,0,2,0,179,185,13,32,3,11,6,57
105,臺中市清水區,槺榔里,4871,16,3,9,2,117,71,33,33,433,456,169,169,141,134,31,24,74,63,5,8,115,84,54,50,538,405,147,79,1,11,333,323,25,19,8,1,1,2,232,280,23,46,4,1,10,88
105,臺中市清水區,中社里,2847,6,3,1,0,73,50,27,18,296,302,69,86,118,99,32,14,73,55,3,3,69,101,22,27,297,266,75,46,5,8,120,129,24,21,2,2,0,0,55,187,2,18,0,7,1,35
105,臺中市清水區,高西里,1374,1,0,1,0,7,7,6,3,76,83,36,35,23,19,5,6,10,14,0,1,25,21,13,8,135,90,52,26,0,4,184,99,15,8,0,0,0,0,129,127,14,20,2,3,14,52
105,臺中市清水區,高南里,1452,3,1,1,1,25,15,10,6,107,94,44,42,26,17,7,7,17,13,3,1,31,21,9,9,188,99,63,23,3,1,117,121,8,7,1,0,0,0,96,104,15,19,10,8,3,56
105,臺中市清水區,高東里,1328,0,0,0,1,18,6,7,4,73,94,45,31,30,22,4,1,13,14,2,3,19,16,8,12,143,107,41,27,1,3,125,77,10,4,1,1,0,0,142,139,12,22,2,3,12,33
105,臺中市清水區,高北里,1221,0,0,2,0,13,9,2,2,72,85,25,38,22,22,5,6,14,12,3,1,20,25,15,12,103,87,46,23,0,1,171,117,9,5,0,0,0,0,94,73,11,22,4,2,9,39
105,臺中市清水區,高美里,1390,3,0,1,1,18,4,4,3,78,94,41,45,32,22,10,3,26,14,1,2,18,19,13,15,157,114,48,29,1,5,147,116,11,4,0,1,0,0,113,98,9,20,3,2,6,39
105,臺中市清水區,國姓里,2190,2,0,1,1,33,15,7,8,166,167,71,57,56,53,18,11,27,21,2,0,51,28,15,14,215,185,62,35,2,6,207,132,18,11,2,1,1,0,160,211,17,26,3,6,9,57
105,臺中市清水區,菁埔里,2353,1,3,1,2,40,15,21,8,160,189,71,73,56,44,12,4,31,26,1,4,39,33,19,27,273,200,49,37,0,5,211,174,13,12,5,0,0,0,184,187,15,42,4,2,7,53
105,臺中市清水區,頂湳里,1859,1,0,1,0,21,6,6,2,114,123,47,48,41,41,10,11,17,25,2,2,38,23,22,26,248,144,66,33,2,1,163,126,9,4,4,1,2,0,150,179,11,23,3,1,9,53
105,臺中市清水區,田寮里,2535,0,0,2,0,41,30,19,12,132,202,77,85,62,45,5,5,39,34,3,1,46,47,29,20,350,229,85,45,3,2,161,146,20,9,1,1,1,0,190,247,10,35,2,4,13,45
105,臺中市清水區,橋頭里,7509,6,3,7,4,201,101,62,31,601,635,253,228,230,250,36,28,111,122,16,14,181,127,74,82,855,670,216,136,6,15,468,530,45,41,7,6,7,0,378,497,29,68,8,12,10,102
105,臺中市清水區,下湳里,2997,3,1,5,0,55,37,17,16,229,265,102,78,55,78,15,6,63,35,3,4,72,43,31,23,382,257,77,45,3,4,173,151,24,18,3,2,0,0,208,267,14,32,1,5,10,85
105,臺中市清水區,東山里,1273,1,0,1,0,7,9,4,3,57,72,53,39,24,15,3,4,18,10,1,2,18,19,14,17,146,101,49,37,1,5,150,98,9,17,0,0,0,0,106,101,8,49,0,1,0,4
105,臺中市清水區,楊厝里,1217,2,0,1,0,15,11,4,1,64,89,32,33,25,12,8,5,7,14,0,2,28,23,17,7,151,96,37,18,3,4,151,83,11,9,0,0,0,0,79,61,20,17,8,0,7,62
105,臺中市清水區,海風里,1407,0,0,1,0,9,7,4,1,66,99,40,38,28,26,3,7,20,13,3,0,17,14,11,11,224,132,51,36,1,3,155,121,10,5,0,0,1,0,69,76,15,21,6,1,10,52
105,臺中市清水區,吳厝里,1509,1,0,2,0,20,10,6,3,75,97,41,44,29,29,6,7,17,13,2,0,31,28,17,11,175,170,50,30,0,2,164,130,17,8,4,1,0,1,79,81,15,30,3,2,18,40
105,臺中市沙鹿區,居仁里,1466,3,3,1,3,40,26,11,8,132,151,50,48,48,51,10,8,29,16,4,0,27,29,9,11,160,133,46,34,0,3,68,60,13,8,7,5,1,0,64,98,2,13,2,4,3,24
105,臺中市沙鹿區,洛泉里,2132,11,3,7,0,71,36,23,20,193,223,65,66,65,76,5,9,62,53,3,3,47,44,15,16,238,204,45,27,3,6,67,58,9,9,2,8,1,1,98,181,6,20,2,1,3,27
105,臺中市沙鹿區,沙鹿里,1006,9,7,0,0,34,21,4,8,116,124,23,22,22,20,3,3,25,28,2,1,25,16,7,10,110,95,25,8,2,2,28,40,7,4,5,9,1,0,40,80,2,8,3,0,1,6
105,臺中市沙鹿區,美仁里,526,2,0,0,0,10,7,3,3,48,52,16,10,11,9,0,2,6,10,2,1,7,9,3,2,56,48,10,11,0,2,44,36,7,2,2,2,0,0,32,42,1,7,0,2,0,9
105,臺中市沙鹿區,興仁里,2539,5,1,3,0,48,49,20,20,222,246,90,80,65,79,16,14,49,45,3,1,46,48,23,22,278,219,98,48,4,6,131,121,21,14,2,5,2,1,128,206,5,21,3,5,2,24
105,臺中市沙鹿區,斗抵里,4531,8,1,6,0,104,65,29,18,394,420,174,139,128,131,25,14,78,93,6,5,63,72,39,43,459,396,177,86,7,11,271,219,26,27,4,8,1,0,264,356,22,38,7,14,10,73
105,臺中市沙鹿區,鹿峰里,5113,9,4,8,3,136,105,47,35,420,481,162,139,147,159,34,21,92,88,2,5,91,85,62,57,545,449,164,88,6,12,320,257,41,26,8,3,3,3,256,381,15,54,3,11,8,68
105,臺中市沙鹿區,鹿寮里,6843,9,6,11,4,225,122,41,52,614,711,266,201,196,208,36,24,134,114,10,10,134,122,81,86,693,635,180,116,6,24,335,321,49,39,11,2,1,2,309,503,29,41,4,10,9,107
105,臺中市沙鹿區,竹林里,7550,13,5,12,6,201,133,68,43,660,748,280,266,227,265,32,37,140,146,17,5,122,120,67,87,772,660,254,167,9,22,413,348,60,57,10,8,0,1,341,516,27,60,9,9,15,92
105,臺中市沙鹿區,犁分里,1068,0,0,1,1,21,12,9,3,69,83,34,26,27,22,1,6,15,12,1,1,22,15,6,6,124,83,36,22,0,3,86,57,8,10,1,0,0,0,86,89,7,10,2,4,16,31
105,臺中市沙鹿區,北勢里,4884,7,3,7,1,142,87,30,24,392,503,169,170,146,133,25,21,81,62,8,3,66,73,63,50,491,424,158,113,5,12,326,222,37,35,3,6,0,1,251,317,29,55,8,10,18,97
105,臺中市沙鹿區,福興里,3625,8,1,7,1,72,53,28,20,280,299,130,119,99,105,22,16,45,60,5,4,47,68,51,34,395,318,146,97,4,7,256,179,47,29,1,3,1,0,179,245,21,33,8,7,14,61
105,臺中市沙鹿區,晉江里,1734,4,0,3,0,43,26,14,9,108,153,58,66,44,35,6,7,35,24,3,2,33,16,15,18,164,154,74,34,0,5,125,90,13,10,1,1,0,0,117,125,12,19,3,2,10,53
105,臺中市沙鹿區,六路里,4877,18,6,11,1,155,102,46,27,459,496,188,169,164,172,28,23,83,86,4,4,90,82,69,62,501,418,143,110,2,13,253,220,57,36,2,3,1,1,172,266,20,34,4,8,15,53
105,臺中市沙鹿區,南勢里,3367,6,1,4,1,73,45,25,12,267,302,114,103,101,115,17,15,46,43,1,2,63,55,32,33,376,340,133,76,2,10,219,164,27,13,1,1,0,0,167,225,19,30,3,6,24,55
105,臺中市沙鹿區,埔子里,5195,26,12,12,1,203,119,53,30,521,567,186,182,174,199,31,25,87,90,9,5,102,108,54,61,517,486,164,112,2,12,232,195,38,27,4,2,1,0,156,228,33,34,9,5,18,63
105,臺中市沙鹿區,公明里,4396,9,1,8,2,95,46,25,28,309,334,138,126,146,130,22,31,60,69,10,4,123,114,63,34,513,359,142,119,5,14,288,258,48,21,3,4,0,1,181,334,20,49,10,4,10,86
105,臺中市沙鹿區,清泉里,2366,0,0,1,0,59,29,20,6,191,210,79,68,100,68,21,19,43,37,5,1,53,50,23,23,267,222,97,60,5,8,124,125,13,22,0,1,1,1,91,145,8,18,5,3,5,39
105,臺中市沙鹿區,西勢里,2238,1,0,2,1,22,12,10,6,128,142,74,72,55,59,12,14,25,18,0,1,25,28,7,14,273,211,86,56,1,17,200,128,42,20,0,1,0,0,153,167,22,48,6,9,6,64
105,臺中市沙鹿區,興安里,3479,4,4,8,1,93,64,26,14,324,334,109,112,123,127,23,21,67,62,0,6,57,65,20,48,363,328,101,42,4,5,192,161,34,22,4,4,1,1,143,269,9,27,3,8,3,43
105,臺中市沙鹿區,三鹿里,6461,12,4,9,4,182,96,45,26,688,805,218,213,241,260,43,42,104,122,5,7,113,119,50,61,640,597,224,145,7,14,332,305,45,35,2,2,0,1,193,297,16,46,3,3,12,73
105,臺中市梧棲區,頂寮里,3156,2,1,5,3,64,43,21,15,245,278,104,117,101,66,21,11,57,55,6,3,83,92,27,31,320,377,111,88,2,9,175,214,21,25,0,1,1,0,104,196,10,24,0,3,1,23
105,臺中市梧棲區,下寮里,2042,2,0,2,0,45,22,20,12,154,181,91,63,49,44,16,6,42,37,0,4,47,46,18,14,217,193,60,44,1,5,119,113,14,20,3,3,2,0,105,156,15,15,2,4,5,31
105,臺中市梧棲區,中正里,4106,4,2,1,2,98,54,38,15,323,370,142,157,118,105,20,16,73,83,6,4,110,97,41,43,410,364,114,94,1,17,257,230,33,36,4,7,2,0,202,309,12,33,0,10,6,43
105,臺中市梧棲區,中和里,552,0,1,1,0,15,11,5,1,48,38,19,15,19,14,2,2,9,11,0,0,14,12,6,9,71,41,18,12,0,1,26,33,8,5,0,0,0,0,28,47,1,1,0,1,0,7
105,臺中市梧棲區,文化里,1247,1,0,0,0,24,17,10,5,127,121,36,34,48,27,5,1,44,28,3,1,32,24,13,15,124,101,35,26,4,3,59,77,8,12,1,2,0,0,55,94,2,7,2,3,1,15
105,臺中市梧棲區,安仁里,853,1,0,0,1,22,12,6,5,48,72,38,29,19,30,6,2,11,10,2,0,20,16,9,9,97,75,27,17,1,4,62,54,10,5,0,2,0,0,42,52,4,10,2,2,2,17
105,臺中市梧棲區,草湳里,6373,3,0,2,2,106,78,38,27,539,599,258,198,158,151,28,23,108,76,9,4,134,105,60,46,719,527,200,148,6,11,414,388,66,42,4,1,1,0,345,476,40,59,11,9,21,133
105,臺中市梧棲區,南簡里,4977,7,1,1,0,114,75,36,26,426,530,186,184,150,149,35,24,72,68,4,6,105,84,45,32,563,412,151,121,6,9,341,378,35,29,4,2,0,0,180,243,19,36,1,6,13,68
105,臺中市梧棲區,福德里,4425,6,1,5,1,85,49,35,22,364,418,188,170,119,151,30,23,67,78,2,2,76,62,33,40,450,411,163,110,1,14,283,229,28,36,4,2,2,0,222,282,22,46,5,7,12,69
105,臺中市梧棲區,大庄里,7519,3,4,6,3,161,92,61,40,618,718,290,274,224,236,42,23,104,144,12,3,143,136,82,61,807,667,263,190,2,28,403,401,60,52,7,6,1,1,382,557,32,48,10,10,15,97
105,臺中市梧棲區,大村里,5768,8,1,3,1,130,69,38,29,490,597,246,214,165,191,17,29,87,95,10,5,104,112,68,50,575,519,198,131,2,17,363,332,58,53,4,1,1,0,262,356,16,33,5,15,7,61
105,臺中市梧棲區,興農里,2429,2,0,3,0,42,34,13,16,182,196,103,89,69,68,17,14,42,37,3,1,41,27,20,11,254,194,95,61,2,11,175,131,25,13,3,1,2,1,145,181,13,25,0,2,8,57
105,臺中市梧棲區,永寧里,2350,0,0,4,1,37,19,18,11,156,216,85,72,63,60,9,5,39,33,2,3,41,34,20,11,260,169,76,52,0,8,175,130,32,21,4,0,1,0,133,195,24,36,4,4,11,76
105,臺中市梧棲區,永安里,2696,1,0,3,2,31,26,17,16,171,223,120,99,66,75,15,12,41,32,2,6,49,32,26,14,297,191,99,70,1,7,204,155,29,23,4,1,1,0,176,221,15,30,4,5,10,74
105,臺中市后里區,廣福里,1997,0,1,1,1,26,13,13,4,96,113,60,67,45,34,12,14,32,28,4,3,70,61,25,18,205,162,57,42,2,4,188,162,15,6,8,2,1,0,123,194,10,30,4,5,2,34
105,臺中市后里區,仁里里,1103,0,0,1,0,8,6,2,6,43,69,26,26,26,28,4,1,9,6,1,0,27,36,18,12,135,90,41,34,0,2,111,78,6,8,7,2,1,0,92,95,2,14,1,1,4,24
105,臺中市后里區,義里里,3253,3,1,3,1,61,36,18,10,264,281,102,95,118,86,21,15,61,54,3,3,95,74,48,40,369,270,87,67,10,10,190,212,23,18,8,4,1,0,146,277,6,17,2,5,4,34
105,臺中市后里區,后里里,3847,3,1,5,3,68,41,32,23,320,328,124,95,97,99,24,16,63,57,3,4,97,67,63,52,429,339,125,76,3,12,256,257,18,17,12,1,5,0,206,319,11,21,2,3,11,39
105,臺中市后里區,厚里里,2194,4,0,2,0,33,22,19,13,143,184,76,69,60,50,14,7,30,14,1,3,44,57,25,18,229,201,87,46,5,6,180,150,12,12,3,0,0,0,133,167,11,16,1,4,7,36
105,臺中市后里區,墩東里,4889,5,5,1,0,97,62,30,20,369,419,147,144,168,138,40,31,79,58,3,4,108,100,66,61,578,493,160,98,6,13,272,258,31,25,9,4,1,0,248,399,12,36,2,7,11,71
105,臺中市后里區,墩西里,2011,3,0,0,0,39,16,8,6,171,160,56,49,63,57,15,10,37,29,1,0,58,47,22,19,214,189,57,33,0,7,131,114,13,15,4,1,2,1,125,184,8,13,0,1,4,29
105,臺中市后里區,墩南里,3367,5,1,3,1,67,29,21,11,246,293,120,83,92,88,22,27,48,52,3,1,82,62,32,39,385,309,96,64,2,11,248,229,11,11,4,4,2,0,213,264,7,22,0,2,9,46
105,臺中市后里區,墩北里,3603,4,1,2,0,70,44,19,17,280,300,123,144,125,120,21,5,42,43,3,7,67,76,44,44,445,342,113,75,4,15,211,216,18,12,5,1,2,1,181,283,5,27,0,0,2,44
105,臺中市后里區,中和里,2508,3,1,2,0,41,27,14,13,206,223,65,91,82,76,19,12,41,25,0,3,49,52,22,20,282,238,72,43,2,4,178,152,16,12,4,3,1,1,156,196,6,17,0,6,4,28
105,臺中市后里區,舊社里,2141,0,1,1,0,27,16,8,7,143,174,66,84,50,54,17,11,20,21,0,2,42,46,27,17,252,197,90,45,4,11,167,137,12,10,2,0,1,0,141,153,13,20,0,2,11,39
105,臺中市后里區,聯合里,1677,0,1,0,0,26,12,5,4,90,109,52,42,43,29,12,7,20,18,2,2,27,35,8,17,203,149,64,45,3,4,147,121,7,8,5,0,1,1,126,153,11,12,4,1,8,43
105,臺中市后里區,太平里,2275,0,0,4,0,18,17,8,9,128,131,83,85,48,49,15,9,23,22,3,3,59,31,25,25,304,230,72,48,4,5,198,161,7,14,2,0,0,0,141,197,9,19,0,0,13,56
105,臺中市后里區,眉山里,3282,4,0,1,0,54,25,15,10,219,236,125,95,76,80,21,14,50,34,6,3,92,62,36,34,438,353,105,79,5,9,204,205,15,16,8,0,0,0,175,289,6,14,1,4,8,56
105,臺中市后里區,泰安里,1357,0,0,0,0,19,10,3,3,72,66,28,33,30,24,7,2,18,15,1,2,51,35,10,16,176,122,58,27,0,9,140,106,7,3,3,0,2,0,89,113,3,19,1,3,3,28
105,臺中市后里區,公館里,2212,1,0,1,0,26,20,8,7,140,156,53,63,35,29,11,5,18,30,2,2,54,51,26,31,229,188,77,39,2,7,253,159,11,18,8,0,2,1,158,169,9,23,2,0,22,66
105,臺中市后里區,月眉里,1880,0,3,5,0,34,19,9,8,133,136,48,60,58,51,11,10,38,27,2,1,53,49,15,18,197,143,56,22,0,1,183,117,5,11,7,3,2,0,127,167,4,7,0,0,1,39
105,臺中市后里區,義德里,2792,1,1,1,0,54,30,18,8,209,224,83,87,84,71,23,11,40,33,2,2,74,70,34,36,291,258,88,61,0,9,189,214,7,11,3,3,0,1,142,249,6,25,0,5,4,30
105,臺中市神岡區,神岡里,3326,1,1,5,2,65,43,19,16,285,269,112,113,109,104,17,18,47,51,2,3,56,53,29,36,407,322,114,60,1,14,206,169,28,13,7,1,1,1,182,265,13,31,1,4,2,28
105,臺中市神岡區,庄前里,2201,1,0,2,0,35,19,11,8,167,201,82,70,60,76,7,14,36,32,3,1,41,35,22,15,290,250,62,33,2,5,127,108,20,5,7,6,1,0,129,163,11,12,1,2,0,29
105,臺中市神岡區,北庄里,2739,3,0,5,0,43,32,14,5,212,270,104,90,100,67,16,8,40,40,3,2,42,33,27,18,332,271,101,42,1,7,176,160,12,15,6,4,1,0,159,219,3,17,1,5,2,31
105,臺中市神岡區,庄後里,2211,5,0,2,0,20,22,12,8,128,162,79,85,63,61,9,7,21,20,0,1,20,32,17,17,325,198,59,50,0,3,156,132,19,8,3,0,1,0,171,196,16,18,0,4,11,50
105,臺中市神岡區,社口里,7399,7,4,8,1,153,71,56,33,614,671,281,248,223,235,45,21,123,107,6,8,93,110,66,66,930,748,221,133,2,23,437,429,55,31,12,10,2,1,385,574,13,52,2,6,10,73
105,臺中市神岡區,社南里,5456,2,0,6,2,111,51,40,26,479,507,225,194,172,182,23,27,102,66,5,3,78,88,52,55,647,540,155,120,7,18,327,324,39,26,7,3,3,0,256,387,11,26,1,7,6,50
105,臺中市神岡區,三角里,2608,2,0,0,1,43,26,10,9,201,209,87,81,78,89,14,8,50,30,3,1,37,36,16,24,314,225,78,45,2,6,191,171,25,10,1,2,2,0,193,227,7,16,0,2,3,33
105,臺中市神岡區,岸裡里,2970,3,1,1,0,53,32,18,8,246,252,97,96,89,121,20,13,60,61,4,3,50,37,20,25,362,300,93,58,1,8,150,152,24,14,8,7,1,0,183,253,5,16,1,1,2,21
105,臺中市神岡區,大社里,4430,3,0,2,2,81,44,24,13,320,406,170,172,123,139,23,32,79,86,6,2,90,102,53,41,580,505,151,115,1,10,239,266,25,23,7,2,2,0,149,288,10,18,0,2,1,23
105,臺中市神岡區,豐洲里,7553,5,3,7,3,161,79,45,38,590,657,264,235,253,214,44,29,116,102,8,8,129,118,59,65,924,760,241,151,2,23,456,412,61,38,16,12,4,4,459,629,13,42,3,8,6,57
105,臺中市神岡區,神洲里,2664,2,0,1,0,33,18,23,6,191,241,76,79,66,99,12,10,39,28,3,2,34,40,11,25,347,262,83,49,4,13,189,136,17,14,6,1,3,0,195,232,6,20,2,4,2,40
105,臺中市神岡區,溪洲里,2921,1,0,2,1,26,18,13,9,179,194,107,90,70,85,15,11,32,34,1,2,38,54,27,21,390,283,115,61,3,8,216,164,25,17,3,0,4,0,237,250,17,27,3,7,7,54
105,臺中市神岡區,圳前里,2433,3,1,2,2,42,25,10,5,172,173,79,81,53,53,11,7,27,27,3,1,48,39,22,7,279,228,72,68,3,7,209,174,20,20,4,2,1,1,159,204,17,28,1,4,5,34
105,臺中市神岡區,新庄里,4270,3,2,0,1,43,23,13,19,249,297,159,112,106,112,27,14,24,30,3,4,44,39,28,34,539,419,178,103,4,17,344,263,64,23,4,2,2,0,315,382,33,51,9,7,29,96
105,臺中市神岡區,圳堵里,2197,3,0,3,1,28,13,8,7,157,166,82,79,67,55,5,9,24,23,3,1,29,31,26,22,254,185,90,53,1,9,165,130,17,8,4,4,0,0,136,201,10,33,0,3,17,35
105,臺中市神岡區,山皮里,1043,0,0,0,0,9,7,7,4,55,68,38,45,28,19,6,2,8,13,0,0,13,10,12,6,135,95,44,28,2,3,99,71,4,8,0,2,2,0,66,93,4,12,0,0,7,18
105,臺中市潭子區,潭陽里,11711,12,8,11,4,223,128,72,59,895,1053,435,396,383,394,87,68,238,248,19,18,307,291,135,129,1312,1308,439,302,12,33,569,681,80,70,11,14,4,2,412,653,23,62,1,15,9,86
105,臺中市潭子區,潭秀里,1400,2,2,2,0,40,19,10,7,133,121,56,37,42,36,8,6,29,27,0,2,31,35,14,18,154,118,36,22,1,4,87,72,13,7,6,2,4,0,56,106,1,13,1,1,2,17
105,臺中市潭子區,潭北里,2409,7,0,3,4,68,36,9,11,193,218,82,83,73,55,15,5,60,51,4,3,55,48,20,28,284,248,62,48,2,7,111,146,11,21,7,4,1,0,107,182,2,11,0,1,1,22
105,臺中市潭子區,福仁里,10417,8,4,10,2,197,103,67,50,824,878,413,378,352,337,68,54,221,220,14,11,246,291,129,97,1155,1197,386,232,9,30,521,632,47,75,9,13,0,1,361,623,15,47,2,15,3,70
105,臺中市潭子區,頭家里,5249,10,2,5,3,111,63,34,28,422,532,260,218,163,213,34,28,120,128,10,5,122,133,85,60,553,593,170,121,6,18,239,224,26,27,3,8,1,2,155,244,6,29,0,8,3,24
105,臺中市潭子區,甘蔗里,9687,15,5,7,5,200,126,71,45,858,937,453,390,316,341,59,64,225,222,17,11,238,281,149,142,1027,1145,309,231,2,17,376,499,49,49,14,9,3,1,221,448,9,39,1,5,2,54
105,臺中市潭子區,東寶里,12368,13,5,7,2,264,161,83,51,1087,1123,486,426,407,388,74,63,246,234,11,17,293,302,147,122,1455,1296,325,253,14,33,644,687,63,79,16,10,3,2,495,757,26,76,5,13,5,99
105,臺中市潭子區,大富里,2778,2,0,4,0,59,23,21,13,192,234,142,106,95,104,19,17,55,43,2,5,59,69,37,24,330,258,106,74,3,4,147,140,10,20,7,0,0,0,148,164,2,14,0,2,3,21
105,臺中市潭子區,大豐里,5926,5,4,3,9,120,54,43,36,504,527,216,211,234,233,38,30,112,115,9,9,103,130,98,73,676,662,201,144,3,14,290,314,33,34,10,2,2,1,220,335,6,28,0,1,3,31
105,臺中市潭子區,栗林里,4727,6,3,4,0,90,56,39,25,385,402,172,134,144,148,23,30,94,77,7,8,117,112,48,60,548,452,140,95,4,12,262,290,21,24,10,7,5,2,241,340,9,23,2,7,2,47
105,臺中市潭子區,嘉仁里,3927,7,1,1,3,72,36,28,14,280,320,155,137,109,113,15,14,68,52,7,4,107,78,45,31,492,397,144,82,5,9,239,221,22,12,5,4,1,0,209,279,17,25,1,10,5,51
105,臺中市潭子區,新田里,1604,0,0,1,0,20,9,4,9,73,132,49,56,36,27,11,6,20,19,3,2,56,39,12,12,205,132,63,35,0,4,114,120,9,13,2,3,1,1,105,142,7,13,2,3,4,30
105,臺中市潭子區,聚興里,3903,4,1,1,1,69,40,34,8,286,307,118,115,124,115,30,16,53,63,4,4,115,107,45,38,482,346,141,69,2,13,241,245,18,33,6,4,3,1,214,302,13,21,3,7,8,33
105,臺中市潭子區,頭家東里,4411,8,2,6,3,92,59,40,25,396,427,186,140,151,154,30,21,107,104,10,2,127,109,45,38,434,454,132,99,4,19,208,227,24,32,4,9,0,0,149,274,7,23,0,2,3,25
105,臺中市潭子區,家興里,6907,16,6,11,4,173,110,54,30,624,752,262,268,264,292,54,52,170,206,13,9,166,212,86,89,673,811,204,152,8,17,256,306,43,32,2,9,0,1,140,263,12,20,1,4,3,27
105,臺中市潭子區,家福里,4461,13,4,5,1,119,76,50,27,407,485,150,151,144,175,25,23,106,103,6,9,100,105,44,44,437,478,120,94,8,14,173,217,22,24,3,1,1,1,151,282,8,22,1,3,3,26
105,臺中市大雅區,大雅里,4557,11,3,2,3,144,82,46,29,417,470,166,155,171,136,27,24,98,92,7,6,98,82,56,55,437,433,142,91,6,12,224,303,24,24,6,2,2,1,152,239,13,20,5,7,3,31
105,臺中市大雅區,員林里,9277,9,5,5,2,227,119,62,56,722,906,343,347,309,339,54,53,166,153,13,12,230,210,144,109,982,863,284,221,5,17,608,633,52,42,10,5,4,1,326,429,24,63,7,12,9,85
105,臺中市大雅區,六寶里,6325,8,0,6,2,105,44,32,21,421,484,186,194,170,175,39,24,109,77,10,9,168,136,64,76,715,572,243,156,4,24,520,511,47,42,6,8,2,1,267,422,23,68,14,20,14,86
105,臺中市大雅區,秀山里,3337,4,1,1,2,41,26,12,10,247,286,127,119,97,87,16,16,37,33,4,2,52,56,41,28,450,307,110,68,5,4,270,248,23,18,2,1,0,0,179,166,10,23,6,16,14,72
105,臺中市大雅區,忠義里,3892,1,0,1,3,54,34,21,17,218,228,127,111,125,91,30,19,52,53,8,7,144,138,62,46,435,335,150,109,3,10,251,350,32,30,3,1,2,0,140,273,26,67,9,16,1,59
105,臺中市大雅區,橫山里,4334,3,1,3,3,94,37,29,13,346,387,157,158,136,144,26,20,62,65,6,4,97,78,58,53,497,401,130,85,4,10,310,310,27,21,4,4,0,0,192,217,10,36,10,13,10,63
105,臺中市大雅區,三和里,5315,6,2,8,3,122,87,32,29,431,500,226,184,189,196,36,29,89,87,8,5,104,109,76,77,614,528,161,104,1,13,286,333,47,24,4,4,3,1,189,274,9,25,1,11,0,48
105,臺中市大雅區,西寶里,4905,2,1,5,1,86,38,37,15,387,434,179,170,170,158,29,30,73,77,5,7,87,85,51,38,633,505,171,136,1,10,360,318,28,31,3,1,1,0,191,240,12,29,4,9,6,51
105,臺中市大雅區,上楓里,6228,4,2,3,1,110,64,41,29,512,582,282,231,174,192,41,29,106,90,10,3,128,136,97,59,689,661,226,135,4,7,402,428,31,27,6,4,3,1,236,305,12,44,6,10,9,56
105,臺中市大雅區,二和里,6168,6,2,6,3,164,98,53,34,574,630,296,251,180,190,34,33,112,118,9,9,116,143,85,76,633,622,180,138,4,16,303,329,32,33,8,3,2,2,195,349,13,42,4,2,6,30
105,臺中市大雅區,四德里,4626,10,5,6,1,120,77,45,32,445,524,229,188,143,173,31,30,82,84,7,8,111,108,85,49,463,487,121,104,2,14,211,257,18,16,4,3,2,0,97,161,8,25,4,6,6,24
105,臺中市大雅區,上雅里,5829,15,4,4,6,165,92,49,33,547,566,240,199,167,177,26,30,107,104,7,5,120,125,86,75,627,539,178,132,3,17,338,406,35,37,6,6,3,0,183,274,13,31,2,7,5,38
105,臺中市大雅區,文雅里,6077,10,6,5,2,155,79,41,33,503,624,268,228,189,227,34,26,116,99,9,8,161,148,69,63,617,592,217,139,5,11,320,408,46,30,8,4,1,0,189,288,11,41,4,6,6,31
105,臺中市大雅區,大楓里,4956,5,2,1,1,90,42,36,34,342,428,204,180,141,156,38,28,79,64,3,3,111,124,68,50,539,519,164,136,1,10,354,386,25,24,3,2,0,0,190,283,10,30,5,18,3,24
105,臺中市大雅區,雅楓里,3761,5,2,1,1,56,30,15,19,279,357,131,134,98,119,19,17,50,65,7,3,97,84,49,49,371,367,125,98,5,9,300,336,37,41,4,2,2,2,122,187,6,27,3,7,3,20
105,臺中市新社區,新社里,3383,7,1,6,2,49,34,25,18,251,267,125,109,100,84,19,19,84,52,7,4,109,82,27,37,397,320,92,66,1,7,188,209,14,18,30,15,3,0,149,265,10,33,1,6,2,39
105,臺中市新社區,復盛里,1962,2,1,2,1,12,12,5,13,113,114,60,46,51,42,18,16,32,27,0,1,44,49,25,21,278,165,59,39,4,3,184,141,12,15,8,1,1,0,97,160,12,28,6,8,2,32
105,臺中市新社區,中正里,1449,1,0,0,1,21,18,5,5,95,92,51,47,49,30,11,12,25,18,1,0,21,23,18,15,156,129,54,27,0,1,125,94,9,7,11,3,1,0,100,128,4,15,0,1,2,23
105,臺中市新社區,月湖里,1050,0,0,0,0,11,6,6,1,65,54,25,22,23,26,10,5,27,17,1,0,18,22,10,15,135,91,40,22,2,3,88,64,3,5,9,1,1,0,79,108,5,10,1,3,3,13
105,臺中市新社區,崑山里,1224,2,0,0,1,11,5,1,2,56,82,33,32,22,14,4,5,21,17,1,1,17,32,8,7,162,90,44,21,0,1,133,67,6,4,11,1,2,1,108,139,7,21,1,10,4,17
105,臺中市新社區,大南里,1983,5,0,0,0,35,17,9,12,140,141,53,52,52,53,11,11,42,26,4,1,58,39,28,15,247,177,54,40,2,5,111,97,10,9,13,3,1,0,124,217,11,28,1,3,3,23
105,臺中市新社區,永源里,3081,1,0,2,0,42,16,15,16,175,201,92,106,60,64,12,12,66,35,4,3,77,76,38,26,362,257,107,77,0,12,268,178,12,17,16,3,5,0,208,280,14,33,5,10,12,66
105,臺中市新社區,中興里,624,0,0,1,0,6,4,2,2,24,33,16,15,14,7,6,2,11,11,2,0,18,24,6,1,61,63,17,11,1,1,42,53,7,4,4,1,2,0,34,70,3,20,3,3,2,17
105,臺中市新社區,協成里,3004,1,1,3,2,25,15,16,8,161,177,73,67,45,63,15,14,38,34,5,1,82,53,35,28,358,262,113,85,2,12,283,191,20,19,10,2,2,0,220,265,25,44,8,12,18,91
105,臺中市新社區,東興里,1287,0,0,0,1,28,9,5,8,61,79,40,33,25,24,7,5,28,13,0,0,36,31,13,15,152,106,40,26,0,2,122,78,6,5,10,1,2,1,84,121,9,20,2,2,5,32
105,臺中市新社區,慶西里,943,0,0,0,0,9,3,2,6,44,49,26,22,21,14,2,4,10,5,1,0,24,19,4,8,125,78,29,20,0,3,84,54,8,3,5,1,0,1,91,99,13,14,0,0,11,31
105,臺中市新社區,中和里,633,0,0,0,0,4,3,4,2,27,23,11,17,9,7,4,2,10,10,0,2,17,24,5,1,66,60,15,15,0,2,73,46,6,6,6,0,0,0,66,53,3,8,1,1,4,20
105,臺中市新社區,福興里,1234,1,0,0,0,8,3,1,0,53,58,25,25,23,20,5,3,12,12,2,0,28,19,9,9,164,105,39,33,3,1,157,75,7,5,3,3,1,1,109,128,13,24,0,3,10,34
105,臺中市石岡區,石岡里,1296,0,2,1,0,20,12,6,2,75,110,27,46,40,34,8,7,18,14,2,0,37,24,16,11,184,136,43,28,1,3,89,65,14,13,8,5,3,0,60,110,2,3,0,3,1,13
105,臺中市石岡區,萬安里,1576,0,0,1,0,36,15,6,6,128,132,50,68,44,48,9,7,32,19,1,1,34,15,14,15,206,136,54,34,2,8,94,100,8,6,3,1,2,1,90,127,2,9,0,0,0,12
105,臺中市石岡區,九房里,1276,0,0,1,1,28,7,11,7,76,90,37,29,42,23,5,11,28,17,1,0,21,13,6,7,183,108,57,26,2,2,109,95,4,3,7,1,4,0,77,119,2,3,0,1,2,10
105,臺中市石岡區,金星里,1331,0,0,4,1,23,13,3,4,79,81,35,38,35,35,8,5,14,29,1,0,27,22,8,8,180,124,34,17,6,4,113,87,7,7,16,2,0,0,97,134,5,7,0,1,0,17
105,臺中市石岡區,龍興里,678,1,0,0,0,11,3,2,1,48,46,18,12,22,13,3,4,5,13,0,0,10,16,2,7,86,60,16,10,1,1,67,41,3,3,2,0,0,0,64,59,4,10,0,0,0,14
105,臺中市石岡區,萬興里,1522,2,0,0,0,20,15,7,7,112,117,44,36,55,38,6,8,22,12,2,1,18,21,15,12,219,162,40,34,4,6,108,104,7,8,7,1,1,1,76,141,4,4,1,6,3,15
105,臺中市石岡區,梅子里,1911,2,2,1,0,23,9,11,6,132,124,52,45,71,44,10,7,30,27,0,1,35,32,13,14,271,192,63,37,1,3,139,145,7,4,12,0,0,0,120,178,0,7,2,4,6,29
105,臺中市石岡區,土牛里,1057,1,0,2,0,17,11,6,3,71,79,17,30,39,14,2,4,22,17,0,2,19,15,9,6,160,108,43,21,0,3,83,78,8,7,2,1,1,0,49,87,0,7,0,0,1,12
105,臺中市石岡區,德興里,1520,1,0,1,1,26,14,10,5,110,136,47,29,44,36,14,7,27,24,6,0,38,26,15,6,194,154,47,23,0,6,104,110,5,6,4,1,1,0,73,139,4,12,0,2,2,10
105,臺中市石岡區,和盛里,1289,2,0,0,2,19,8,9,4,80,82,44,37,37,26,12,11,22,11,1,0,35,34,11,13,194,143,35,26,3,5,83,92,6,5,6,0,1,0,50,104,5,8,1,5,1,16
105,臺中市外埔區,永豐里,1075,0,0,0,0,11,2,3,1,67,77,28,26,22,23,5,6,16,15,1,0,27,18,9,16,131,86,37,26,0,4,118,72,5,8,1,0,2,2,69,91,4,6,0,3,2,35
105,臺中市外埔區,六分里,2241,2,1,0,0,40,21,16,9,146,192,83,78,62,48,23,18,23,33,1,1,51,42,21,27,262,234,76,49,1,7,168,151,16,19,5,1,0,0,96,150,1,18,1,3,6,39
105,臺中市外埔區,三崁里,1989,3,0,1,0,27,9,10,5,111,120,66,47,45,45,7,9,25,25,1,3,48,45,27,24,234,169,72,37,3,8,180,120,14,11,9,1,1,0,165,167,12,16,4,1,10,52
105,臺中市外埔區,大同里,4721,9,2,8,4,85,51,37,14,347,416,163,146,140,120,33,24,52,46,3,3,101,114,77,46,542,409,144,72,6,11,309,318,35,34,6,6,2,2,273,366,17,34,2,4,13,75
105,臺中市外埔區,水美里,3495,2,3,1,0,64,44,28,17,236,255,133,123,73,80,24,13,45,56,3,2,107,89,56,37,365,272,116,72,4,6,261,241,23,22,3,3,2,1,210,288,16,27,3,2,11,56
105,臺中市外埔區,大東里,6497,5,1,5,2,119,67,32,27,423,459,189,208,161,184,52,30,69,89,6,7,167,183,83,93,787,589,238,151,12,17,480,442,43,45,13,2,4,1,308,529,22,48,7,14,14,70
105,臺中市外埔區,馬鳴里,1453,1,1,1,0,13,10,5,1,84,86,46,41,30,37,6,12,9,12,1,2,36,25,11,8,188,124,57,27,2,2,152,99,6,6,3,0,1,0,111,139,8,10,1,0,6,33
105,臺中市外埔區,中山里,1225,1,0,0,0,21,15,12,10,82,94,35,34,26,28,3,8,11,13,1,0,28,28,14,15,157,104,49,24,0,1,86,80,3,9,1,0,3,1,68,109,4,5,1,2,5,34
105,臺中市外埔區,鐵山里,2272,4,0,1,0,32,12,15,9,123,130,61,73,44,40,9,5,22,19,1,2,53,48,35,23,248,217,79,52,0,6,230,155,13,9,6,0,1,0,157,193,21,28,2,0,16,78
105,臺中市外埔區,土城里,1681,0,1,1,2,18,14,9,3,96,112,44,49,25,29,11,12,16,16,3,0,49,29,18,16,209,140,63,28,0,5,170,117,11,7,6,0,1,0,110,137,12,28,5,3,10,46
105,臺中市外埔區,廍子里,1276,0,0,1,0,11,4,6,7,58,80,26,42,21,20,12,7,5,11,1,1,26,30,15,8,147,96,53,27,0,3,146,97,19,6,2,0,1,0,92,92,8,11,6,0,15,63
105,臺中市大安區,南埔里,1119,1,0,1,0,9,6,2,0,49,52,37,35,23,19,2,4,7,15,1,0,33,31,16,10,94,76,41,29,1,1,108,65,8,4,3,2,1,0,144,120,10,13,2,9,7,28
105,臺中市大安區,南庄里,1111,0,0,0,1,12,5,4,7,55,68,37,23,17,18,3,5,12,9,3,1,35,20,15,13,131,81,34,24,2,3,105,66,8,2,0,0,0,0,112,124,9,11,2,7,2,25
105,臺中市大安區,中庄里,2773,2,1,5,2,34,21,11,11,173,208,97,80,62,42,15,6,38,27,2,1,98,59,30,28,339,239,98,52,2,8,185,143,17,11,6,0,0,0,233,301,7,16,2,13,6,42
105,臺中市大安區,龜売里,1665,1,2,0,0,23,8,6,3,104,93,40,46,41,31,8,10,18,16,1,1,37,37,16,21,195,123,50,27,0,4,156,101,10,9,4,1,0,0,170,168,9,19,7,10,7,32
105,臺中市大安區,福興里,1216,2,1,0,0,19,11,10,3,68,92,34,25,21,16,4,5,17,7,2,1,43,25,12,9,137,81,45,20,2,5,125,92,4,3,0,0,0,1,99,121,4,12,3,15,4,16
105,臺中市大安區,東安里,1271,0,0,0,0,29,12,6,4,73,99,37,31,33,28,2,5,22,15,0,1,44,28,11,15,151,101,24,20,0,1,79,81,9,8,4,0,3,0,121,135,5,6,1,5,2,20
105,臺中市大安區,頂安里,955,0,0,0,0,11,9,5,0,38,56,27,38,16,17,2,4,11,2,0,0,39,32,15,9,106,81,31,24,1,2,79,51,6,1,2,0,0,0,71,81,15,20,4,7,9,33
105,臺中市大安區,永安里,1828,0,0,1,0,21,6,4,5,101,95,63,53,40,22,5,4,10,19,2,3,63,58,23,23,228,163,78,39,0,7,151,111,13,4,1,1,1,0,129,143,14,17,5,6,27,69
105,臺中市大安區,福住里,1078,1,1,1,0,10,6,6,3,69,61,32,30,20,11,5,3,17,7,0,0,33,23,11,15,122,89,38,30,1,3,112,77,8,0,0,1,3,0,70,91,10,18,5,3,7,25
105,臺中市大安區,海墘里,1514,0,0,0,0,19,8,6,7,87,93,41,49,27,32,7,2,17,21,3,0,55,29,20,16,153,107,49,30,0,1,153,104,18,10,2,3,0,0,116,135,9,30,4,8,5,38
105,臺中市大安區,西安里,1813,0,0,0,0,37,15,5,9,142,136,58,36,30,41,7,8,29,27,0,0,57,48,21,25,220,161,54,36,0,8,122,97,10,5,4,1,2,0,136,143,5,18,3,8,5,44
105,臺中市大安區,松雅里,929,0,0,0,2,22,7,8,4,58,63,31,28,29,14,7,2,23,14,1,0,22,26,13,15,119,83,33,18,3,5,52,33,3,3,1,1,2,0,62,77,7,9,1,8,3,17
105,臺中市烏日區,烏日里,8586,28,5,16,9,265,182,77,34,838,896,315,269,307,288,55,55,219,181,16,7,185,171,100,95,893,796,240,165,3,14,347,400,32,41,16,8,2,2,292,558,28,46,3,10,7,70
105,臺中市烏日區,湖日里,2619,5,0,3,0,46,27,14,6,197,235,98,81,81,74,18,8,52,24,4,2,45,48,24,23,307,264,92,53,2,9,175,149,14,11,1,1,0,0,148,191,5,29,1,9,4,39
105,臺中市烏日區,三和里,4545,10,2,3,1,99,52,30,20,332,399,135,142,133,125,46,28,99,63,4,5,147,128,60,53,537,388,158,102,8,10,262,219,22,21,3,2,1,0,192,309,31,55,6,8,12,83
105,臺中市烏日區,榮泉里,4312,15,3,7,5,138,93,38,36,450,520,155,110,142,141,28,24,75,72,3,5,95,114,46,30,375,359,108,72,2,5,213,204,18,13,7,4,2,3,192,272,14,38,1,10,6,49
105,臺中市烏日區,學田里,2498,5,1,0,0,39,20,14,11,202,199,74,60,79,69,23,21,52,29,3,2,43,68,19,21,344,203,93,40,3,5,136,144,15,8,2,2,0,0,132,183,19,33,2,6,8,66
105,臺中市烏日區,九德里,13435,16,11,17,8,322,187,105,86,1184,1319,558,500,411,528,81,73,255,270,15,13,312,274,174,168,1425,1387,431,310,6,37,592,657,56,58,15,13,5,0,449,807,57,115,3,15,17,93
105,臺中市烏日區,仁德里,7666,13,8,9,6,270,172,67,58,710,863,300,254,251,286,41,43,144,175,9,3,150,144,106,95,786,778,214,169,4,13,302,361,30,31,5,4,1,2,220,425,24,57,2,4,4,53
105,臺中市烏日區,前竹里,2389,0,0,1,0,33,15,17,13,178,234,87,75,70,68,16,13,38,35,1,4,37,41,24,14,283,214,89,41,0,3,186,155,17,8,2,1,0,0,122,152,16,32,0,6,10,38
105,臺中市烏日區,五光里,1725,1,1,2,1,27,13,12,5,110,116,76,72,59,52,10,7,28,33,1,2,31,21,18,19,237,157,67,43,3,6,108,102,1,6,2,0,0,1,97,106,10,20,2,3,3,34
105,臺中市烏日區,光明里,2273,3,2,1,0,32,24,16,8,147,193,90,74,73,52,20,7,28,36,2,2,41,40,18,9,275,206,79,62,1,7,138,118,18,15,3,4,2,0,131,201,12,30,3,4,8,38
105,臺中市烏日區,東園里,2144,0,1,0,2,27,12,15,6,118,152,91,89,62,48,17,7,27,29,1,0,32,31,27,16,281,218,102,37,3,4,164,152,15,8,2,0,0,0,116,113,28,24,1,7,8,51
105,臺中市烏日區,溪埧里,4537,2,2,3,2,81,32,18,21,295,398,162,146,140,113,31,27,50,46,3,5,90,76,48,42,580,430,160,120,2,4,333,305,34,30,3,5,2,0,217,266,31,57,3,11,17,94
105,臺中市烏日區,螺潭里,2086,0,0,0,1,27,19,20,10,153,183,69,77,68,59,13,10,28,22,0,3,52,38,12,14,270,208,77,61,0,8,134,99,11,8,3,1,0,0,101,148,12,30,1,6,7,23
105,臺中市烏日區,北里里,1706,3,0,2,0,17,17,11,3,105,134,47,64,50,45,14,7,19,18,0,3,27,30,10,11,240,152,73,50,1,7,133,122,3,3,2,1,2,0,94,88,16,24,2,1,8,47
105,臺中市烏日區,南里里,1372,1,0,0,0,18,12,7,6,97,111,53,51,34,34,7,10,16,14,1,0,28,31,15,7,177,122,56,33,0,3,85,88,13,7,2,1,1,0,79,84,12,20,3,1,3,29
105,臺中市烏日區,溪尾里,861,1,0,0,0,6,6,3,0,31,37,16,26,17,12,3,4,10,11,0,2,17,18,4,5,108,71,34,25,0,6,110,45,9,8,1,0,2,0,59,55,10,24,5,1,12,47
105,臺中市大肚區,王田里,4470,3,1,1,2,79,37,23,18,347,346,139,151,132,126,23,19,55,61,4,4,55,47,28,22,605,397,194,107,3,10,278,236,31,27,5,1,1,0,304,393,12,41,1,4,17,80
105,臺中市大肚區,中和里,918,2,0,1,0,8,5,4,3,82,82,25,22,30,26,4,4,16,14,1,2,10,13,10,4,112,90,26,24,0,2,76,44,6,6,0,2,0,0,50,80,3,6,0,0,2,21
105,臺中市大肚區,福山里,3704,4,1,5,1,75,34,32,10,319,318,93,90,105,124,20,16,61,54,5,4,37,60,22,23,471,368,119,81,3,11,201,204,37,22,3,2,2,0,217,341,11,31,1,2,6,58
105,臺中市大肚區,營埔里,1550,1,0,0,0,12,7,6,3,113,129,54,55,39,35,16,5,19,7,3,2,19,19,12,10,191,148,54,31,2,4,107,89,12,10,0,1,1,0,121,136,10,18,1,0,12,36
105,臺中市大肚區,社腳里,2546,3,0,2,1,47,31,11,8,208,187,71,69,78,60,14,3,46,35,1,1,28,48,15,16,330,223,97,49,0,9,149,143,25,14,3,2,1,0,164,256,11,21,1,2,5,58
105,臺中市大肚區,新興里,2719,1,0,3,1,42,31,22,10,228,190,64,62,75,82,19,12,53,36,3,3,37,30,16,14,363,285,86,68,0,6,191,151,21,21,2,5,0,1,164,218,13,28,4,1,6,51
105,臺中市大肚區,大東里,3138,1,1,3,3,60,36,23,26,265,251,108,89,118,83,25,12,63,54,2,1,57,40,15,19,372,284,121,76,1,7,184,193,15,32,3,2,1,1,161,215,14,22,3,3,8,65
105,臺中市大肚區,大肚里,2212,3,3,0,2,80,46,20,14,239,248,64,70,96,56,7,11,50,38,5,0,40,39,17,24,210,185,47,41,0,1,78,106,15,15,4,3,1,0,111,176,8,10,0,1,4,24
105,臺中市大肚區,永和里,887,1,0,0,0,23,12,5,1,61,63,36,36,28,30,4,2,27,10,0,0,21,11,6,8,89,66,32,16,1,2,54,43,6,10,2,0,0,0,67,92,2,5,0,0,4,11
105,臺中市大肚區,磺溪里,1750,1,0,1,1,33,12,15,6,130,141,56,58,54,55,9,9,30,18,1,1,24,19,14,11,214,174,55,45,1,0,114,95,21,9,3,0,0,0,111,139,2,13,0,3,10,42
105,臺中市大肚區,永順里,1787,1,0,0,0,18,12,8,3,155,132,58,60,51,51,7,10,20,15,1,1,28,14,6,12,238,137,59,43,2,1,139,89,19,14,1,0,1,0,135,151,3,11,2,2,16,61
105,臺中市大肚區,成功里,983,0,0,0,0,14,11,7,4,67,69,36,16,20,27,7,5,10,10,0,1,9,7,9,5,137,87,33,18,0,3,74,58,12,7,0,0,0,0,70,90,5,10,1,1,9,34
105,臺中市大肚區,山陽里,1388,0,1,2,1,20,9,8,2,99,124,32,31,48,39,8,6,22,19,1,3,9,8,11,7,197,122,43,25,0,3,80,67,10,8,1,0,0,0,117,126,8,5,0,1,12,53
105,臺中市大肚區,頂街里,7496,12,4,6,5,171,98,72,43,678,706,286,265,284,283,54,26,149,165,12,10,137,154,67,60,889,765,296,191,6,28,308,339,51,49,7,5,0,0,236,449,17,33,3,3,13,61
105,臺中市大肚區,瑞井里,5147,6,1,7,1,86,53,32,25,400,428,160,146,128,123,41,30,63,55,6,11,110,95,40,36,654,497,204,125,6,14,310,360,54,39,5,8,0,1,258,330,25,46,5,11,22,90
105,臺中市大肚區,蔗廍里,4894,9,5,2,0,91,56,37,22,349,413,145,144,137,121,38,31,74,68,6,5,99,94,41,34,578,491,167,140,3,13,355,311,44,45,5,4,3,2,230,330,14,46,1,2,14,75
105,臺中市大肚區,自強里,3644,8,1,6,0,77,47,24,14,357,328,115,88,101,86,27,21,68,75,6,5,83,105,20,22,407,360,126,89,4,5,183,263,27,27,1,5,0,1,119,244,14,40,2,3,5,35
105,臺中市龍井區,竹坑里,3161,1,0,4,2,45,20,15,15,246,254,121,119,101,105,16,14,36,30,0,2,50,46,38,28,407,318,110,79,6,12,229,200,19,14,3,1,1,0,146,197,12,30,4,7,9,49
105,臺中市龍井區,龍東里,2907,3,2,4,0,51,35,16,13,215,224,98,96,97,85,17,13,41,39,3,1,55,35,28,18,376,304,78,61,3,4,223,157,15,17,4,1,1,0,162,201,10,32,0,5,6,58
105,臺中市龍井區,龍西里,1989,3,1,1,1,23,15,6,11,128,159,77,72,48,63,8,12,32,32,4,2,41,38,16,25,254,187,63,44,0,5,137,111,12,15,3,1,0,0,106,142,7,22,0,2,4,56
105,臺中市龍井區,田中里,3509,4,0,2,1,57,30,20,16,288,306,147,120,97,92,17,13,49,52,1,2,52,42,19,24,453,343,103,78,0,11,265,262,17,20,4,0,0,1,167,211,11,31,3,7,2,69
105,臺中市龍井區,福田里,1091,0,0,0,0,15,14,8,4,65,88,38,36,22,12,3,2,17,12,1,1,19,18,7,14,118,103,36,24,1,1,99,64,5,8,2,0,1,0,63,91,9,12,1,0,12,45
105,臺中市龍井區,麗水里,2305,0,1,0,2,22,13,11,4,163,179,82,65,45,57,10,11,27,14,4,4,49,31,21,24,286,170,75,51,2,7,238,173,11,15,0,0,2,0,152,152,20,32,4,11,6,59
105,臺中市龍井區,龍津里,5228,2,1,2,0,88,45,21,19,404,427,196,163,107,133,26,20,48,43,4,5,73,65,51,54,603,490,179,111,4,27,426,358,32,21,2,1,0,0,305,364,44,64,7,10,28,155
105,臺中市龍井區,三德里,3091,3,0,0,2,31,28,21,10,234,253,109,113,78,76,10,14,29,34,1,0,30,39,29,34,382,258,99,67,2,12,279,228,26,13,3,1,0,0,172,200,34,28,5,7,11,86
105,臺中市龍井區,忠和里,4990,4,0,4,1,100,60,34,14,384,477,181,189,120,130,22,16,70,52,2,3,81,73,52,46,576,421,171,104,4,12,394,315,31,19,3,2,2,0,225,305,47,51,29,67,18,79
105,臺中市龍井區,山腳里,5900,3,0,5,0,108,63,39,30,451,506,213,211,173,172,37,24,93,91,9,5,107,93,61,53,714,607,199,140,7,20,441,400,49,32,7,1,1,0,225,318,22,55,2,9,11,93
105,臺中市龍井區,龍泉里,7266,8,5,9,3,208,134,55,46,688,768,245,224,285,262,33,30,148,146,7,7,155,138,57,55,769,634,193,152,9,18,403,378,48,25,8,7,2,0,278,399,24,56,4,20,11,112
105,臺中市龍井區,龍崗里,2669,3,0,1,2,38,28,6,10,216,261,89,76,66,71,10,10,47,43,0,2,37,49,20,14,317,260,90,60,3,8,212,189,15,15,3,2,1,0,126,152,10,30,3,5,14,55
105,臺中市龍井區,新庄里,6377,6,4,7,1,133,71,47,32,492,616,227,222,164,173,34,26,103,108,5,6,124,94,71,73,741,594,197,146,3,26,458,441,39,30,4,4,0,0,272,319,31,70,8,12,14,129
105,臺中市龍井區,南寮里,1659,2,0,1,0,31,12,6,5,103,132,59,62,33,43,2,4,21,20,0,2,30,30,13,15,189,160,58,40,2,11,155,118,9,11,1,0,0,0,88,100,9,18,4,4,11,45
105,臺中市龍井區,新東里,4846,18,5,11,4,131,95,48,30,529,536,190,153,149,147,25,25,119,93,7,3,115,124,49,56,464,464,110,95,8,14,235,271,24,21,4,4,0,0,133,233,17,32,2,7,2,44
105,臺中市龍井區,東海里,8519,64,30,23,8,361,252,83,88,987,1128,374,370,276,313,50,23,200,217,17,5,211,217,130,130,637,701,192,135,6,20,285,358,33,34,5,4,0,1,127,287,22,47,3,12,7,46
105,臺中市霧峰區,桐林里,1261,5,0,1,0,16,18,8,4,88,91,38,37,23,19,3,8,20,16,2,2,51,35,12,8,132,111,36,29,0,2,106,65,8,7,1,0,0,0,94,109,5,6,3,4,8,30
105,臺中市霧峰區,吉峰里,9479,20,6,8,2,181,106,59,46,826,845,392,337,244,213,60,45,173,156,11,13,239,193,100,69,1061,959,334,219,7,11,562,542,79,47,5,2,1,2,398,633,39,83,7,18,13,113
105,臺中市霧峰區,甲寅里,4877,9,3,6,3,108,68,51,21,400,395,163,141,134,102,27,18,108,90,3,8,148,111,61,31,567,553,161,103,2,6,251,271,23,36,0,4,0,1,214,332,21,37,4,8,11,63
105,臺中市霧峰區,本鄉里,2346,3,2,3,1,58,37,15,15,236,220,89,67,68,61,13,12,58,59,4,4,76,50,31,20,242,226,69,47,3,3,106,121,16,15,3,2,1,0,74,146,8,23,0,10,3,26
105,臺中市霧峰區,中正里,2058,10,2,3,4,51,36,21,17,178,227,104,72,68,58,7,13,45,43,3,3,60,41,14,21,204,228,64,32,5,7,82,106,18,10,1,0,0,0,58,101,0,12,1,5,1,22
105,臺中市霧峰區,錦榮里,1242,3,2,1,0,24,10,10,10,105,113,64,53,38,35,13,3,35,29,3,0,24,30,8,9,143,98,35,30,1,3,55,55,9,4,1,1,0,0,62,93,5,5,0,1,3,16
105,臺中市霧峰區,萊園里,1110,2,3,2,0,18,7,11,8,81,87,23,34,36,33,6,4,20,17,3,2,35,24,8,8,148,109,41,24,0,3,73,49,4,4,0,1,0,1,41,83,6,14,0,2,6,29
105,臺中市霧峰區,本堂里,5982,24,13,13,4,188,120,48,44,646,679,215,230,163,162,40,26,168,165,10,9,160,172,62,54,564,568,179,118,3,6,199,295,15,26,2,5,0,0,168,297,24,36,2,9,5,46
105,臺中市霧峰區,坑口里,3021,7,1,4,0,55,40,15,15,238,283,113,80,58,74,20,13,74,49,5,4,110,90,39,16,312,263,95,73,2,7,201,181,20,15,4,2,1,0,130,191,13,30,4,10,10,54
105,臺中市霧峰區,北柳里,4020,10,4,4,1,69,52,25,18,330,352,151,125,124,105,19,15,81,47,5,6,121,80,46,45,438,409,133,90,3,12,228,210,39,24,1,0,3,0,168,271,21,47,1,9,7,71
105,臺中市霧峰區,南柳里,1930,2,0,3,2,25,11,13,14,118,167,96,69,33,48,9,5,30,27,0,5,40,45,23,15,238,211,72,55,2,4,133,106,18,15,0,1,1,0,83,108,9,24,0,3,8,39
105,臺中市霧峰區,四德里,2434,3,0,2,0,27,23,13,12,181,187,94,84,52,46,5,9,44,19,5,2,63,49,25,24,323,246,93,50,2,5,173,133,21,15,2,0,0,0,135,154,10,23,1,5,13,61
105,臺中市霧峰區,五福里,2656,1,0,0,1,41,15,11,24,174,234,76,77,60,54,12,9,50,33,6,1,95,54,25,15,339,232,94,62,3,6,195,134,17,12,0,1,1,0,151,181,19,31,2,11,20,77
105,臺中市霧峰區,萬豐里,2718,6,3,3,0,42,21,13,8,200,263,85,68,70,57,12,6,49,36,5,2,64,54,19,19,293,250,99,74,3,7,203,165,28,28,1,2,0,0,167,175,25,29,1,7,6,50
105,臺中市霧峰區,舊正里,2139,16,4,4,2,51,22,14,10,132,191,54,53,58,39,14,14,42,33,3,1,46,37,16,13,275,187,76,51,4,6,145,101,16,9,1,1,1,0,115,177,13,30,2,12,7,41
105,臺中市霧峰區,峰谷里,1179,1,0,0,0,12,8,9,2,56,60,33,23,33,22,6,1,24,12,2,0,31,24,12,5,144,92,46,32,3,2,123,75,12,9,0,1,0,1,70,98,13,23,4,7,4,44
105,臺中市霧峰區,六股里,2409,3,2,0,0,39,19,13,8,180,193,57,70,58,53,8,9,43,30,2,1,63,42,28,25,283,223,99,59,6,8,172,138,14,18,1,2,0,0,148,179,18,34,1,10,2,48
105,臺中市霧峰區,丁台里,2310,0,0,2,1,31,23,9,4,145,165,71,70,55,50,10,7,33,24,4,1,50,45,19,10,328,238,100,49,2,3,181,142,20,12,1,2,0,1,121,182,16,20,1,5,11,46
105,臺中市霧峰區,北勢里,2164,0,0,1,0,24,21,14,7,119,161,86,70,50,54,12,9,31,32,2,2,60,40,9,20,265,250,86,51,1,2,170,120,23,11,0,0,0,0,107,140,25,28,3,2,8,48
105,臺中市霧峰區,南勢里,1360,0,0,0,0,16,15,3,3,80,83,48,37,25,42,4,3,21,19,1,1,32,29,14,13,168,122,56,40,0,4,134,81,5,7,0,0,1,0,75,86,13,17,3,8,8,43
105,臺中市太平區,太平里,5683,5,0,8,2,98,66,43,30,441,547,193,151,215,173,33,27,86,69,6,9,172,139,59,34,650,496,167,131,4,8,349,326,40,45,9,5,1,1,292,416,19,38,1,9,10,60
105,臺中市太平區,長億里,6014,6,4,5,2,101,61,33,19,498,562,222,217,186,196,29,30,89,106,6,11,183,142,85,77,658,640,204,138,4,10,332,453,45,34,2,6,1,0,181,320,17,40,3,9,4,43
105,臺中市太平區,中平里,4254,2,2,1,3,92,54,34,18,322,363,149,109,137,115,35,21,69,65,5,2,125,104,49,39,476,448,147,90,3,7,260,253,38,32,3,6,1,1,177,294,10,30,2,7,10,44
105,臺中市太平區,中興里,3505,3,2,2,2,57,48,32,16,308,365,124,104,92,98,23,13,67,73,3,5,94,82,37,30,358,337,111,65,8,5,208,219,19,18,3,4,2,1,152,233,18,26,3,4,3,28
105,臺中市太平區,建國里,3016,3,1,3,1,50,21,22,11,193,235,99,102,111,87,17,16,53,36,3,7,72,76,28,28,339,279,99,86,6,7,202,203,23,16,2,2,0,0,146,245,8,29,2,3,5,39
105,臺中市太平區,東平里,4188,2,1,3,2,66,50,32,20,308,349,142,132,137,139,25,20,57,71,6,4,109,93,40,31,498,483,135,113,4,18,244,265,36,32,4,4,0,1,150,263,7,33,3,4,5,47
105,臺中市太平區,宜欣里,6313,7,1,8,5,108,72,38,19,495,578,203,164,191,200,50,43,99,111,9,10,147,178,70,73,712,614,207,141,4,10,416,446,56,37,6,6,1,1,242,379,18,50,4,6,10,68
105,臺中市太平區,中山里,3816,4,3,7,2,58,50,17,22,289,260,123,113,119,124,36,13,94,60,1,10,136,102,39,38,427,334,141,90,3,7,312,243,35,28,6,5,2,0,148,237,14,21,4,6,6,27
105,臺中市太平區,坪林里,3395,10,0,4,5,75,56,22,14,282,277,140,103,116,119,24,17,62,56,7,3,89,83,48,26,371,303,116,76,2,5,187,182,27,25,2,4,0,1,115,263,7,27,0,5,5,34
105,臺中市太平區,光華里,5257,8,6,5,4,94,58,33,27,409,478,202,198,178,168,35,23,109,78,3,4,131,142,69,65,551,526,162,128,2,12,300,312,52,46,8,4,1,1,182,328,16,43,4,3,3,46
105,臺中市太平區,新坪里,7453,14,9,10,2,157,112,56,50,626,726,326,266,208,279,51,49,155,151,9,5,223,225,106,104,757,784,266,198,6,20,396,425,39,45,6,9,1,0,161,306,11,35,2,11,6,50
105,臺中市太平區,新光里,7252,12,6,10,3,145,106,50,42,642,730,261,226,238,233,51,45,116,152,9,10,186,166,85,61,789,731,261,160,10,14,375,362,44,64,4,8,3,2,256,431,24,55,5,7,7,55
105,臺中市太平區,新福里,5686,13,3,12,7,143,113,50,44,515,623,212,221,184,189,47,28,121,129,8,10,139,156,63,58,548,606,153,147,8,14,214,275,29,40,4,2,2,1,148,318,11,30,3,5,4,36
105,臺中市太平區,頭汴里,1930,2,1,2,0,21,7,3,11,87,115,55,60,36,26,11,7,24,11,2,0,59,49,20,9,202,164,64,43,0,5,232,125,18,22,0,1,1,0,133,161,21,31,2,7,16,64
105,臺中市太平區,東汴里,1237,0,1,0,1,4,3,5,1,42,76,36,29,22,19,3,4,13,10,0,2,44,31,14,3,128,97,43,31,0,0,157,79,9,5,0,1,1,0,86,94,34,29,3,4,14,59
105,臺中市太平區,興隆里,3387,0,3,2,0,33,23,11,5,183,239,93,98,91,100,28,19,52,30,2,2,118,86,38,33,387,344,144,84,1,4,258,221,37,29,8,6,1,0,175,270,16,35,3,6,4,65
105,臺中市太平區,光隆里,3194,1,0,2,2,39,24,14,15,213,240,109,101,74,89,20,14,46,28,3,5,103,79,37,33,381,303,132,78,2,13,242,211,35,9,6,7,0,0,170,206,12,32,2,4,4,54
105,臺中市太平區,德隆里,4880,2,1,2,5,63,23,26,12,362,386,147,131,119,129,33,28,54,56,10,6,134,115,47,35,622,491,177,117,0,9,375,374,39,31,2,1,2,0,251,345,17,41,4,5,0,51
105,臺中市太平區,黃竹里,669,0,0,0,0,7,5,3,2,22,27,10,5,16,12,3,2,15,6,1,0,30,14,5,4,74,46,18,12,2,2,97,48,5,3,2,0,0,0,67,46,10,15,2,0,7,24
105,臺中市太平區,永成里,6753,10,0,4,3,96,57,33,28,505,573,252,263,242,226,40,43,105,96,12,7,206,199,89,81,783,738,213,164,7,21,376,491,51,46,2,3,2,1,208,383,24,33,2,2,2,31
105,臺中市太平區,永平里,4164,5,4,5,1,77,59,25,26,326,398,172,144,124,118,36,29,70,57,3,3,114,120,59,41,486,434,116,105,2,5,235,225,14,29,4,1,1,0,159,257,14,20,1,5,3,32
105,臺中市太平區,成功里,3980,2,1,3,0,60,34,18,19,281,329,172,143,126,123,29,26,64,46,2,5,119,108,56,52,456,497,145,127,0,8,245,232,21,25,7,0,1,0,124,181,20,31,2,2,7,31
105,臺中市太平區,東和里,2837,5,0,3,1,50,37,20,15,236,273,107,105,88,93,20,18,34,43,3,1,70,89,36,25,312,322,89,66,4,8,145,151,20,16,1,0,1,0,108,156,11,21,0,3,3,28
105,臺中市太平區,中政里,3868,8,3,2,2,83,46,18,18,299,307,144,145,101,112,31,20,72,65,7,4,120,86,50,47,479,394,121,102,5,6,209,247,23,21,4,2,2,0,147,247,6,23,0,5,0,35
105,臺中市太平區,平安里,2334,2,1,1,1,39,17,17,7,177,205,66,59,80,80,17,14,27,19,2,3,55,47,30,18,264,197,93,54,2,6,156,140,21,13,3,1,1,1,137,196,6,18,1,5,5,30
105,臺中市太平區,建興里,3092,1,0,1,1,36,17,14,8,166,211,121,97,76,78,25,15,35,32,2,1,97,95,40,31,365,322,109,78,4,8,258,245,27,21,2,1,0,0,134,214,15,31,3,5,4,46
105,臺中市太平區,新興里,4294,17,6,2,3,165,100,46,28,502,663,140,150,159,190,28,23,83,119,4,6,95,102,52,40,369,417,105,67,3,3,118,144,15,18,5,5,4,0,87,162,7,21,1,2,0,18
105,臺中市太平區,新高里,5246,16,7,4,2,165,99,45,38,566,648,212,162,190,198,27,23,119,124,6,6,143,170,49,48,484,530,134,92,10,8,207,260,31,38,1,4,1,2,104,187,10,37,2,5,2,30
105,臺中市太平區,新吉里,5626,12,6,9,4,136,85,45,28,539,566,227,213,216,186,51,27,111,126,8,5,157,149,67,60,561,552,164,133,8,15,294,295,35,34,3,5,0,1,146,251,17,27,0,13,2,37
105,臺中市太平區,新城里,5162,4,4,8,2,102,38,24,27,426,477,196,204,161,189,39,33,93,115,7,4,154,167,58,73,560,599,188,153,4,13,266,285,41,35,0,1,1,0,110,212,12,27,3,8,2,37
105,臺中市太平區,宜佳里,6303,12,4,4,5,147,79,46,41,505,635,277,240,196,208,37,32,111,105,8,12,186,154,95,76,649,674,216,154,8,9,326,418,30,45,3,2,0,0,154,293,17,41,0,7,3,39
105,臺中市太平區,宜昌里,3938,6,2,2,2,72,45,38,17,326,320,161,139,151,123,15,14,75,61,4,3,106,89,41,42,415,411,145,93,2,5,229,268,28,29,3,2,2,1,142,235,12,20,2,6,1,33
105,臺中市太平區,光明里,3850,8,2,11,1,78,54,32,26,328,358,127,135,118,122,33,19,63,87,7,4,117,114,42,35,430,349,115,58,4,8,216,239,23,27,1,1,1,1,118,264,4,27,2,7,5,29
105,臺中市太平區,豐年里,4529,11,6,10,2,106,73,34,17,442,449,142,140,146,145,34,24,106,99,9,5,146,145,48,42,465,412,116,79,6,13,216,235,16,28,2,7,3,2,152,303,13,38,3,4,6,29
105,臺中市太平區,大興里,2614,8,4,5,1,51,36,16,11,201,236,93,96,82,75,15,12,45,39,4,1,102,72,28,23,288,287,85,59,6,7,143,130,14,21,2,3,1,1,81,157,6,22,3,4,6,32
105,臺中市太平區,勤益里,2274,9,4,6,1,72,46,16,14,220,227,65,63,87,70,14,11,42,28,4,3,51,56,21,21,231,210,63,51,3,4,86,133,13,14,1,0,3,1,83,183,2,16,0,2,3,21
105,臺中市太平區,聖和里,1633,3,0,1,2,19,15,9,7,99,114,46,49,49,35,13,8,24,24,0,0,57,52,22,15,187,140,53,29,1,0,160,109,12,8,1,1,2,1,89,105,8,22,2,6,4,30
105,臺中市太平區,福隆里,3739,4,2,4,0,54,43,27,21,293,278,146,125,96,100,26,19,62,70,4,1,105,121,43,46,438,416,119,85,4,9,247,232,21,27,6,3,0,0,143,219,15,22,3,10,1,29
105,臺中市太平區,永隆里,2617,2,0,1,2,26,17,8,11,170,205,86,65,77,62,19,17,33,34,1,5,81,57,32,25,304,232,90,76,2,11,213,181,18,26,5,4,1,0,141,210,8,21,2,4,3,29
105,臺中市大里區,大里里,3687,4,1,4,1,54,42,24,13,281,303,169,113,94,102,18,20,63,69,10,4,96,63,43,38,427,365,123,82,1,9,235,274,22,35,0,3,0,1,172,216,15,26,3,5,5,39
105,臺中市大里區,新里里,10224,33,6,13,7,275,196,86,67,827,1003,468,390,322,348,57,52,235,232,19,6,235,230,159,141,1106,982,327,227,13,24,553,513,73,54,5,9,2,1,319,451,29,45,4,5,8,67
105,臺中市大里區,樹王里,3492,1,4,1,0,58,36,19,17,265,306,131,123,97,119,15,18,48,62,4,3,62,46,39,24,415,360,131,83,1,6,230,223,21,13,4,2,1,1,170,225,12,22,1,5,9,59
105,臺中市大里區,東興里,7359,23,7,8,5,250,138,64,60,720,810,312,285,220,238,48,37,150,178,12,14,168,200,86,83,675,724,204,154,12,11,322,407,39,31,8,11,3,2,192,346,20,37,1,3,3,38
105,臺中市大里區,祥興里,7031,19,6,13,5,152,110,44,37,587,735,236,223,200,233,56,44,148,163,9,10,223,161,72,74,702,686,215,156,6,21,399,432,44,42,5,7,1,1,243,381,16,46,1,5,6,56
105,臺中市大里區,日新里,4021,6,1,6,5,97,51,25,28,331,345,121,110,128,120,28,30,93,84,8,3,93,91,50,30,400,395,153,79,3,6,229,256,31,21,2,1,0,0,185,293,8,29,2,1,3,40
105,臺中市大里區,西榮里,5869,11,5,7,1,174,97,40,32,489,613,214,219,176,193,38,32,132,110,3,5,133,149,67,69,570,583,170,126,5,9,306,343,39,34,2,6,0,3,203,354,12,30,4,6,7,48
105,臺中市大里區,內新里,8517,23,9,11,8,220,186,66,52,750,952,363,322,255,279,51,41,178,206,10,15,181,229,100,97,843,931,264,188,8,17,375,508,50,48,3,8,1,0,188,367,17,43,0,1,5,48
105,臺中市大里區,東昇里,3465,6,5,0,1,93,41,34,21,305,347,121,147,105,104,24,18,65,55,3,0,79,75,42,26,360,318,106,65,3,8,223,224,9,22,5,2,1,0,130,201,6,20,1,7,4,33
105,臺中市大里區,立仁里,5435,8,2,8,3,85,48,24,23,404,464,223,173,160,147,41,28,99,84,6,9,148,157,57,50,572,583,250,128,8,14,307,439,36,36,3,2,1,0,207,288,10,42,1,10,4,43
105,臺中市大里區,新仁里,7826,9,3,5,3,123,83,55,29,606,662,258,238,248,267,49,44,113,106,14,8,197,179,87,63,888,803,304,194,10,15,509,593,67,49,6,5,2,2,300,471,16,57,1,13,10,62
105,臺中市大里區,大元里,4380,13,3,6,2,96,58,37,31,375,448,187,167,131,117,23,23,83,81,3,6,128,110,56,35,420,419,148,95,5,12,238,271,24,22,2,2,0,0,170,230,14,30,2,5,5,47
105,臺中市大里區,夏田里,1024,1,2,1,2,18,13,7,7,79,78,37,28,21,13,6,4,22,5,0,0,22,23,12,7,132,81,26,17,2,2,84,77,8,4,1,0,0,0,62,62,6,11,1,0,3,37
105,臺中市大里區,仁化里,8699,12,6,6,1,130,95,47,36,657,770,332,302,263,287,76,34,138,113,16,12,214,213,93,86,1059,955,307,231,11,14,560,609,62,50,8,6,3,1,295,422,18,64,4,7,9,65
105,臺中市大里區,健民里,4506,1,0,1,1,50,19,27,8,291,312,162,161,117,100,32,19,64,40,2,7,107,96,50,39,567,435,188,118,3,9,378,402,34,20,2,0,1,1,206,263,20,43,2,11,6,91
105,臺中市大里區,塗城里,8644,12,5,3,0,154,76,40,45,659,735,293,263,236,211,60,52,157,99,15,9,210,144,82,68,996,869,323,207,11,21,623,711,60,42,7,1,4,1,396,527,31,75,4,4,15,88
105,臺中市大里區,瑞城里,12001,12,12,11,4,244,147,89,64,1013,1169,497,402,333,380,93,65,204,242,10,10,344,299,146,100,1200,1235,420,348,9,28,682,868,82,70,6,5,0,0,378,602,18,64,5,7,13,71
105,臺中市大里區,金城里,9921,12,2,13,4,198,99,63,56,779,911,387,353,274,283,50,55,214,181,15,13,242,261,99,101,1054,997,353,267,10,15,562,713,70,76,6,11,2,2,365,558,25,75,3,22,6,64
105,臺中市大里區,東湖里,10384,18,9,16,7,215,121,51,56,795,941,378,395,292,311,52,53,188,191,16,8,296,281,122,98,1143,1082,407,304,8,34,596,709,58,66,6,10,0,2,304,537,32,58,1,16,12,89
105,臺中市大里區,西湖里,2998,2,2,3,4,51,34,23,11,190,237,122,92,66,76,14,16,44,47,3,8,59,67,35,33,394,346,132,87,3,9,189,189,25,21,0,1,2,1,114,148,9,18,2,4,6,59
105,臺中市大里區,國光里,6048,19,7,12,2,216,120,56,50,547,728,297,242,187,241,30,28,138,165,14,10,120,147,101,75,534,564,161,127,8,14,247,299,30,38,1,4,0,1,146,233,10,27,3,7,3,39
105,臺中市大里區,大明里,4340,14,8,8,3,107,63,36,23,382,450,182,179,130,133,24,29,82,98,6,5,122,109,50,43,411,428,134,95,1,8,198,248,34,17,2,6,2,0,165,216,15,24,2,3,5,40
105,臺中市大里區,永隆里,9422,58,16,26,11,384,306,111,74,929,1298,479,425,296,437,54,51,210,293,14,11,168,182,204,191,693,934,282,194,7,20,231,332,44,50,2,5,1,1,118,205,11,24,2,4,6,28
105,臺中市大里區,長榮里,8699,42,20,23,8,309,208,98,85,902,1013,380,342,263,306,51,43,200,240,8,17,194,242,123,116,719,880,214,158,4,20,294,436,49,41,6,6,0,2,189,354,8,36,3,6,5,36
105,臺中市大里區,中新里,5384,11,3,9,5,152,96,53,37,477,600,216,212,143,210,43,30,119,121,16,9,138,125,73,63,524,559,184,136,7,15,241,302,30,15,2,3,0,1,112,224,9,37,0,3,2,17
105,臺中市大里區,立德里,7783,15,2,10,3,165,95,66,36,708,766,252,259,272,292,74,41,147,129,4,10,170,178,88,76,792,798,282,208,9,15,471,524,41,36,2,7,1,1,247,386,21,38,1,1,6,38
105,臺中市大里區,仁德里,6196,5,1,5,4,135,81,46,33,522,641,241,226,186,200,51,37,118,90,8,4,149,140,64,69,617,667,197,155,3,15,360,445,48,38,0,1,4,1,197,288,13,32,3,5,8,43
105,臺中市和平區,南勢里,1952,2,0,2,2,26,17,5,7,96,100,61,56,48,25,7,6,43,36,5,2,65,59,24,14,260,144,64,52,2,13,178,150,12,13,5,4,2,1,117,164,6,13,0,5,5,34
105,臺中市和平區,天輪里,460,0,0,1,0,1,2,1,2,16,29,13,13,8,6,2,1,10,5,0,0,21,9,2,2,67,32,12,13,2,2,42,27,2,4,2,1,1,0,34,43,4,10,1,1,2,14
105,臺中市和平區,博愛里,1689,0,0,1,1,19,7,6,6,93,76,44,44,31,26,6,6,39,33,5,7,69,77,20,13,209,129,68,45,2,14,122,142,25,16,10,0,1,2,83,159,5,10,2,1,3,12
105,臺中市和平區,中坑里,462,0,0,0,0,7,3,5,1,28,28,12,7,11,7,1,6,11,7,1,2,13,11,4,3,66,42,25,9,0,0,36,32,1,4,2,2,0,0,26,35,2,2,0,1,3,6
105,臺中市和平區,自由里,1062,0,0,0,1,3,2,2,2,40,42,27,27,22,6,11,5,18,12,3,3,55,45,25,8,138,70,50,37,1,7,102,77,14,10,3,2,0,1,71,93,3,5,0,1,2,16
105,臺中市和平區,達觀里,1115,1,0,2,0,5,1,3,4,33,48,31,27,28,11,9,7,24,12,0,2,59,28,20,13,140,85,59,41,1,3,87,75,26,13,4,1,2,0,81,88,9,18,0,3,1,10
105,臺中市和平區,梨山里,1978,0,1,0,0,15,9,5,7,88,84,57,37,30,16,14,8,62,27,15,4,120,71,27,16,198,144,62,38,9,21,189,178,39,19,6,3,1,0,111,186,17,13,1,8,3,19
105,臺中市和平區,平等里,817,0,0,0,0,2,3,1,3,46,25,16,10,17,5,3,1,16,15,7,3,69,27,23,12,97,62,38,18,5,6,83,71,6,9,1,0,1,1,35,65,4,5,2,1,2,1
