代碼,學校名稱,公/私立,縣市名稱,地址,location
061601,私立華盛頓國小,私立,[06]臺中市,[427]臺中市潭子區潭興路一段165巷300號,24.1971371 120.7181038
064601,市立豐原國小,公立,[06]臺中市,[420]臺中市豐原區新生北路155號,24.2546278 120.7207421
064602,市立瑞穗國小,公立,[06]臺中市,[420]臺中市豐原區西安街72號,24.2491239 120.7114384
064603,市立南陽國小,公立,[06]臺中市,[420]臺中市豐原區中陽里南陽路440號,24.2484124 120.7226942
064604,市立富春國小,公立,[06]臺中市,[420]臺中市豐原區豐西里中山路455號,24.2522195 120.714078
064605,市立豐村國小,公立,[06]臺中市,[420]臺中市豐原區水源路341號,24.2555607 120.7363261
064606,市立翁子國小,公立,[06]臺中市,[420]臺中市豐原區翁子里豐勢路2段290巷3號,24.2634055 120.7425527
064607,市立豐田國小,公立,[06]臺中市,[420]臺中市豐原區田心路二段290號,24.2368702 120.721554
064608,市立合作國小,公立,[06]臺中市,[420]臺中市豐原區三村里西勢路410號,24.2400075 120.7034777
064609,市立內埔國小,公立,[06]臺中市,[421]臺中市后里區文化路30號,24.3070668 120.714965
064610,市立后里國小,公立,[06]臺中市,[421]臺中市后里區義里里甲后路一段168號,24.3093334 120.7272921
064611,市立月眉國小,公立,[06]臺中市,[421]臺中市后里區眉山里甲后路二段588號,24.3143039 120.6907612
064612,市立七星國小,公立,[06]臺中市,[421]臺中市后里區墩南里南村路389號,24.3032121 120.7126343
064613,市立育英國小,公立,[06]臺中市,[421]臺中市后里區太平里四月路23號,24.3091883 120.6712303
064614,市立后里區泰安國小,公立,[06]臺中市,[421]臺中市后里區泰安里安眉路5號,24.3251326 120.7496013
064615,市立神岡國小,公立,[06]臺中市,[429]臺中市神岡區神岡里神圳路1號,24.2586614 120.6611525
064616,市立豐洲國小,公立,[06]臺中市,[429]臺中市神岡區豐洲里豐洲路482號,24.2619353 120.7038977
064617,市立社口國小,公立,[06]臺中市,[429]臺中市神岡區社南里社南街136號,24.2449755 120.686016
064618,市立圳堵國小,公立,[06]臺中市,[429]臺中市神岡區圳堵里五鄰三民路639號,24.2728838 120.6595489
064619,市立岸裡國小,公立,[06]臺中市,[429]臺中市神岡區中山路52號,24.2488023 120.6980897
064620,市立大雅國小,公立,[06]臺中市,[428]臺中市大雅區二和里學府路230號,24.2221578 120.6499832
064621,市立三和國小,公立,[06]臺中市,[428]臺中市大雅區三和里春亭2街1號,24.2193083 120.6675894
064622,市立大明國小,公立,[06]臺中市,[428]臺中市大雅區中清路四段158號,24.2285538 120.6432416
064623,市立上楓國小,公立,[06]臺中市,[428]臺中市大雅區上楓里楓林街232號,24.2360915 120.666745
064624,市立汝鎏國小,公立,[06]臺中市,[428]臺中市大雅區秀山里平和路238號,24.230987 120.6259942
064625,市立陽明國小,公立,[06]臺中市,[428]臺中市大雅區秀山里秀山路365號,24.2212988 120.631663
064626,市立潭子國小,公立,[06]臺中市,[427]臺中市潭子區中山路二段435號,24.2144894 120.7050141
064627,市立僑忠國小,公立,[06]臺中市,[427]臺中市潭子區中山路二段31號,24.2025286 120.7033601
064628,市立東寶國小,公立,[06]臺中市,[427]臺中市潭子區雅潭路三段2號,24.2151761 120.6796626
064629,市立潭子區新興國小,公立,[06]臺中市,[427]臺中市潭子區潭興路一段25號,24.2039721 120.7255343
064630,市立外埔國小,公立,[06]臺中市,[438]臺中市外埔區大同里外埔路878號,24.3322898 120.6535783
064631,市立安定國小,公立,[06]臺中市,[438]臺中市外埔區土城里土城西路55號,24.3454867 120.7050035
064632,市立鐵山國小,公立,[06]臺中市,[438]臺中市外埔區鐵山里長生路576號,24.3490332 120.6566936
064633,市立馬鳴國小,公立,[06]臺中市,[438]臺中市外埔區中山里東西巷13號,24.3387542 120.6641597
064634,市立水美國小,公立,[06]臺中市,[438]臺中市外埔區水美里二崁路390巷63號,24.3260756 120.6368816
064635,市立東勢國小,公立,[06]臺中市,[423]臺中市東勢區廣興里第五橫街1號,24.2585133 120.8307672
064636,市立中山國小,公立,[06]臺中市,[423]臺中市東勢區泰昌里中泰街88號,24.2529395 120.8351134
064637,市立石城國小,公立,[06]臺中市,[423]臺中市東勢區茂興里石城街182巷26號,24.2859601 120.7920859
064638,市立東勢區成功國小,公立,[06]臺中市,[423]臺中市東勢區慶東里東關路298號,24.2078602 120.8396239
064639,市立石角國小,公立,[06]臺中市,[423]臺中市東勢區東坑路西盛巷22號,24.2378112 120.8507077
064640,市立中科國小,公立,[06]臺中市,[423]臺中市東勢區東崎路4段92巷16號,24.2520849 120.8424487
064641,市立新成國小,公立,[06]臺中市,[423]臺中市東勢區上城街260號,24.2163305 120.838262
064642,市立明正國小,公立,[06]臺中市,[423]臺中市東勢區明正里東蘭路永盛巷57-1號,24.3096301 120.7908289
064643,市立石岡國小,公立,[06]臺中市,[422]臺中市石岡區石岡里石岡街123號,24.2766063 120.7739106
064644,市立土牛國小,公立,[06]臺中市,[422]臺中市石岡區土牛里豐勢路308號,24.2647828 120.8090176
064645,市立新社國小,公立,[06]臺中市,[426]臺中市新社區新社里興社街4段1巷2號,24.240602 120.810084
064646,市立新社區東興國小,公立,[06]臺中市,[426]臺中市新社區東興里興社街一段國校巷13號,24.20685 120.819893
064647,市立大南國小,公立,[06]臺中市,[426]臺中市新社區大南里興中街47號,24.2195858 120.8032775
064648,市立協成國小,公立,[06]臺中市,[426]臺中市新社區協成里興義街219號,24.1936844 120.8123562
064649,市立大林國小,公立,[06]臺中市,[426]臺中市新社區福興里美林38號,24.1594524 120.8639145
064650,市立崑山國小,公立,[06]臺中市,[426]臺中市新社區崑山里崑南街崑崙巷5-2號,24.241102 120.787428
064651,市立中和國小,公立,[06]臺中市,[426]臺中市新社區中和里中興街129號,24.1575707 120.8277537
064652,市立清水國小,公立,[06]臺中市,[436]臺中市清水區光華路125號,24.2667535 120.5733481
064653,市立西寧國小,公立,[06]臺中市,[436]臺中市清水區西寧里五權東路50號,24.2757904 120.5749706
064654,市立建國國小,公立,[06]臺中市,[436]臺中市清水區西社里建國路10號,24.2704049 120.562588
064655,市立大秀國小,公立,[06]臺中市,[436]臺中市清水區武鹿里五權路336號,24.2789822 120.5574212
064656,市立三田國小,公立,[06]臺中市,[436]臺中市清水區田寮里三田路4號,24.2905823 120.5814647
064657,市立甲南國小,公立,[06]臺中市,[436]臺中市清水區菁埔里臨海路26號,24.3050139 120.5955893
064658,市立高美國小,公立,[06]臺中市,[436]臺中市清水區護岸路37號,24.3123827 120.5628243
064659,市立大楊國小,公立,[06]臺中市,[436]臺中市清水區楊厝里鱉海路325號,24.292239 120.609874
064660,市立東山國小,公立,[06]臺中市,[436]臺中市清水區東山里神清路6之1號,24.276637 120.6347209
064661,市立梧棲國小,公立,[06]臺中市,[435]臺中市梧棲區民生街45號,24.2530616 120.5311085
064662,市立梧南國小,公立,[06]臺中市,[435]臺中市梧棲區草湳里文化路一段6號,24.2487766 120.5287156
064663,市立梧棲區中正國小,公立,[06]臺中市,[435]臺中市梧棲區福德里中央路二段15號,24.2503883 120.5388391
064664,市立永寧國小,公立,[06]臺中市,[435]臺中市梧棲區中央路一段160號,24.2292256 120.5323025
064665,市立大甲國小,公立,[06]臺中市,[437]臺中市大甲區文武里育德路233號,24.3508271 120.6263633
064666,市立德化國小,公立,[06]臺中市,[437]臺中市大甲區和平路290號,24.3621955 120.6246009
064667,市立大甲區文昌國小,公立,[06]臺中市,[437]臺中市大甲區育德路113號,24.3479608 120.6243734
064668,市立順天國小,公立,[06]臺中市,[437]臺中市大甲區經國路168號,24.344242 120.618208
064669,市立文武國小,公立,[06]臺中市,[437]臺中市大甲區武陵里文曲路61號,24.3359958 120.6007773
064670,市立日南國小,公立,[06]臺中市,[437]臺中市大甲區中山路二段568號,24.3896612 120.654253
064671,市立東明國小,公立,[06]臺中市,[437]臺中市大甲區幸福里東明路93號,24.3747765 120.6805324
064672,市立華龍國小,公立,[06]臺中市,[437]臺中市大甲區日南里工二路1號,24.4058611 120.6480341
064673,市立西岐國小,公立,[06]臺中市,[437]臺中市大甲區西岐里順帆路96號,24.4202664 120.6284838
064674,市立東陽國小,公立,[06]臺中市,[437]臺中市大甲區甲東路520號,24.341066 120.6292
064675,市立沙鹿國小,公立,[06]臺中市,[433]臺中市沙鹿區美仁里中正街3號,24.2358016 120.5615708
064676,市立文光國小,公立,[06]臺中市,[433]臺中市沙鹿區斗潭路文光巷12號,24.2263396 120.5562021
064677,市立竹林國小,公立,[06]臺中市,[433]臺中市沙鹿區臺灣大道7段821號,24.238207 120.56722
064678,市立北勢國小,公立,[06]臺中市,[433]臺中市沙鹿區六路里南陽路376號,24.2169352 120.571552
064679,市立公明國小,公立,[06]臺中市,[433]臺中市沙鹿區公明里忠貞路213號,24.2431583 120.6097128
064680,市立公館國小,公立,[06]臺中市,[433]臺中市沙鹿區西勢里中航路2段1號,24.26364 120.5888676
064681,市立鹿峰國小,公立,[06]臺中市,[433]臺中市沙鹿區鹿峰里星河路209號,24.255608 120.570016
064682,市立大安國小,公立,[06]臺中市,[439]臺中市大安區中庄里中山南路296號,24.3446727 120.5879631
064683,市立三光國小,公立,[06]臺中市,[439]臺中市大安區龜殼里3鄰中松路297號,24.3549317 120.598942
064684,市立海墘國小,公立,[06]臺中市,[439]臺中市大安區海墘里大安港路1100號,24.3787522 120.5886583
064685,市立大安區永安國小,公立,[06]臺中市,[439]臺中市大安區永安里東西四路252號,24.382338 120.6062448
064686,市立龍山國小,公立,[06]臺中市,[434]臺中市龍井區中山一路一段6號,24.213445 120.5506255
064687,市立龍井國小,公立,[06]臺中市,[434]臺中市龍井區龍西里龍門路51號,24.1835 120.529482
064688,市立龍津國小,公立,[06]臺中市,[434]臺中市龍井區龍津里中央路一段165巷50號,24.2008125 120.5218474
064689,市立龍海國小,公立,[06]臺中市,[434]臺中市龍井區忠和里中央路3段206號,24.2157482 120.5262932
064690,市立龍港國小,公立,[06]臺中市,[434]臺中市龍井區麗水里三港路1號,24.1984574 120.5012605
064691,市立龍泉國小,公立,[06]臺中市,[434]臺中市龍井區龍泉里龍新路162號,24.1964241 120.5475812
064692,市立龍峰國小,公立,[06]臺中市,[434]臺中市龍井區新庄里中沙路2號,24.1795403 120.5760326
064693,市立烏日國小,公立,[06]臺中市,[414]臺中市烏日區中山路二段196號,24.1065103 120.6234451
064694,市立僑仁國小,公立,[06]臺中市,[414]臺中市烏日區中山路一段341號,24.1081172 120.6390398
064695,市立喀哩國小,公立,[06]臺中市,[414]臺中市烏日區螺潭里溪南路二段370號,24.0617297 120.6433596
064696,市立東園國小,公立,[06]臺中市,[414]臺中市烏日區溪南路一段238巷198號,24.0835231 120.6396254
064697,市立溪尾國小,公立,[06]臺中市,[414]臺中市烏日區溪尾里溪岸路26號,24.0369252 120.6434979
064698,市立旭光國小,公立,[06]臺中市,[414]臺中市烏日區成功西路13號,24.1145364 120.5991661
064699,市立五光國小,公立,[06]臺中市,[414]臺中市烏日區光明里光明路40號,24.0942831 120.6465583
064700,市立大肚國小,公立,[06]臺中市,[432]臺中市大肚區頂街里華山路77號,24.1551858 120.5457747
064701,市立瑞峰國小,公立,[06]臺中市,[432]臺中市大肚區太平路1號,24.1691937 120.5742255
064702,市立永順國小,公立,[06]臺中市,[432]臺中市大肚區永順里文昌路2段586號,24.1588422 120.5324161
064703,市立追分國小,公立,[06]臺中市,[432]臺中市大肚區沙田路一段364號,24.1220976 120.568222
064704,市立大忠國小,公立,[06]臺中市,[432]臺中市大肚區沙田路一段854巷24號,24.133188 120.5554511
064705,市立大里國小,公立,[06]臺中市,[412]臺中市大里區新興路50號,24.1005474 120.6770178
064706,市立內新國小,公立,[06]臺中市,[412]臺中市大里區東昇里日新路8號,24.1117491 120.694878
064707,市立崇光國小,公立,[06]臺中市,[412]臺中市大里區大明路181號,24.1151411 120.6845633
064708,市立塗城國小,公立,[06]臺中市,[412]臺中市大里區仁德里文化街120號,24.093045 120.7002823
064709,市立瑞城國小,公立,[06]臺中市,[412]臺中市大里區瑞城里美村街196號,24.0860899 120.7028425
064710,市立健民國小,公立,[06]臺中市,[412]臺中市大里區健民里校前路26號,24.0894118 120.7278994
064711,市立草湖國小,公立,[06]臺中市,[412]臺中市大里區西湖里西湖路32號,24.0782481 120.6899973
064712,市立霧峰國小,公立,[06]臺中市,[413]臺中市霧峰區中正路736號,24.0594348 120.6980481
064713,市立僑榮國小,公立,[06]臺中市,[413]臺中市霧峰區甲寅里民生路156號,24.0701972 120.7028117
064714,市立四德國小,公立,[06]臺中市,[413]臺中市霧峰區四德路504號,24.0608052 120.6677177
064715,市立五福國小,公立,[06]臺中市,[413]臺中市霧峰區五福里新埔路239號,24.0779356 120.6702278
064716,市立萬豐國小,公立,[06]臺中市,[413]臺中市霧峰區萬豐里中正路224號,24.0278443 120.6970097
064717,市立峰谷國小,公立,[06]臺中市,[413]臺中市霧峰區峰谷里峰谷路496號,24.0355504 120.7243858
064718,市立桐林國小,公立,[06]臺中市,[413]臺中市霧峰區民生路675號,24.065953 120.7355255
064719,市立復興國小,公立,[06]臺中市,[413]臺中市霧峰區坑口里信義路50號,24.0426953 120.6971973
064720,市立霧峰區光正國小,公立,[06]臺中市,[413]臺中市霧峰區豐正路566號,24.0362446 120.6683386
064721,市立太平區太平國小,公立,[06]臺中市,[411]臺中市太平區中平里中興路35號,24.1282627 120.7175221
064722,市立宜欣國小,公立,[06]臺中市,[411]臺中市太平區新平路二段100號,24.1395639 120.7150638
064723,市立新光國小,公立,[06]臺中市,[411]臺中市太平區新興里新興路200號,24.1593898 120.7063055
064724,市立坪林國小,公立,[06]臺中市,[411]臺中市太平區坪林里坪林路45號,24.1451345 120.7372977
064725,市立光隆國小,公立,[06]臺中市,[411]臺中市太平區光隆里光興路487巷5號,24.1288559 120.736023
064726,市立黃竹國小,公立,[06]臺中市,[411]臺中市太平區黃竹里竹村路41號,24.0837471 120.7524711
064727,市立頭汴國小,公立,[06]臺中市,[411]臺中市太平區頭汴里北田路20號,24.1232162 120.7514631
064728,市立東汴國小,公立,[06]臺中市,[411]臺中市太平區東汴里山田路100號,24.1177162 120.7958108
064729,市立和平區和平國小,公立,[06]臺中市,[424]臺中市和平區南勢里東關路三段54號,24.1680131 120.9031163
064730,市立福民國小,公立,[06]臺中市,[426]臺中市新社區福興里福民16-7號,24.1638393 120.881218
064731,市立白冷國小,公立,[06]臺中市,[424]臺中市和平區天輪里天輪巷42號,24.1820596 120.9264997
064732,市立博屋瑪國小,公立,[06]臺中市,[424]臺中市和平區達觀里育英巷6號,24.3277704 120.9207669
064733,市立中坑國小,公立,[06]臺中市,[424]臺中市和平區中坑里中坑巷41號,24.2451884 120.8865846
064734,市立平等國小,公立,[06]臺中市,[424]臺中市和平區中興路三段環山3巷35號,24.3175235 121.2934125
064735,市立博愛國小,公立,[06]臺中市,[424]臺中市和平區博愛里東關路一段松鶴三巷10號,24.172 120.9728688
064736,市立自由國小,公立,[06]臺中市,[424]臺中市和平區自由里東崎路二段49號,24.2912415 120.9079149
064737,市立梨山國(中)小,公立,[06]臺中市,[424]臺中市和平區梨山里福壽路10號,24.255649 121.259419
064738,市立益民國小,公立,[06]臺中市,[412]臺中市大里區益民路二段48號,24.106767 120.6872862
064739,市立槺榔國小,公立,[06]臺中市,[436]臺中市清水區中央路23-12號,24.2640093 120.5451803
064740,市立建平國小,公立,[06]臺中市,[411]臺中市太平區精美路201號,24.1241551 120.7246908
064741,市立潭陽國小,公立,[06]臺中市,[427]臺中市潭子區潭陽路19號,24.2130417 120.7101284
064742,市立太平區中華國小,公立,[06]臺中市,[411]臺中市太平區大源路1-20號,24.141621 120.729037
064743,市立九德國小,公立,[06]臺中市,[414]臺中市烏日區長春街300號,24.1096768 120.6391689
064744,市立中港國小,公立,[06]臺中市,[435]臺中市梧棲區大村里文明街100號,24.2409238 120.5556186
064745,市立東平國小,公立,[06]臺中市,[411]臺中市太平區中興東路213號,24.1323535 120.7235517
064746,市立文雅國小,公立,[06]臺中市,[428]臺中市大雅區文雅里中山北路235號,24.2202214 120.6461074
064747,市立新盛國小,公立,[06]臺中市,[423]臺中市東勢區新盛里新盛街342號,24.2435149 120.8318331
064748,市立大元國小,公立,[06]臺中市,[412]臺中市大里區現岱路60號,24.102755 120.6910628
064749,市立吉峰國小,公立,[06]臺中市,[413]臺中市霧峰區吉峰里民生路349號,24.0785896 120.7183212
064750,市立新平國小,公立,[06]臺中市,[411]臺中市太平區樹孝路336巷9號,24.154775 120.719806
064751,市立葫蘆墩國小,公立,[06]臺中市,[420]臺中市豐原區葫蘆墩一街250號,24.2608831 120.7144729
064752,市立永隆國小,公立,[06]臺中市,[412]臺中市大里區永隆五街2號,24.1110095 120.6777128
064753,市立美群國小,公立,[06]臺中市,[412]臺中市大里區美群路99號,24.0841635 120.7088252
064754,市立吳厝國小,公立,[06]臺中市,[436]臺中市清水區吳厝里吳厝路35號,24.2681673 120.5978208
064755,市立山陽國小,公立,[06]臺中市,[432]臺中市大肚區榮華街630號,24.1636103 120.5442967
064756,市立立新國小,公立,[06]臺中市,[412]臺中市大里區立仁里立新街338號,24.10543 120.6995666
064757,市立大德國小,公立,[06]臺中市,[435]臺中市梧棲區大村里文昌路343號,24.2435748 120.5426484
064758,市立車籠埔國小,公立,[06]臺中市,[411]臺中市太平區光明路10-2 號,24.1099496 120.7319265
064759,市立福陽國小,公立,[06]臺中市,[420]臺中市豐原區南陽路綠山巷83號,24.2422556 120.7352858
064760,市立頭家國小,公立,[06]臺中市,[427]臺中市潭子區得福街185號,24.1970264 120.6962245
064761,市立瑞井國小,公立,[06]臺中市,[432]臺中市大肚區瑞井里華山路680號,24.159343 120.5675724
064762,市立東新國小,公立,[06]臺中市,[423]臺中市東勢區東蘭路1之1號,24.2607993 120.8272567
064763,市立光復國(中)小,公立,[06]臺中市,[413]臺中市霧峰區柳豐路535號,24.0432256 120.6895598
064764,市立長億國小,公立,[06]臺中市,[411]臺中市太平區太平三街295號,24.113422 120.715536
064765,市立六寶國小,公立,[06]臺中市,[428]臺中市大雅區光復路15之2號,24.2391623 120.6367392
190601,國立臺中教大附小,公立,[19]臺中市,[404]臺中市北區民權路220號,24.143766 120.6740542
191602,私立育仁國小,私立,[19]臺中市,[404]臺中市北區錦祥里雙十路二段50號,24.1567814 120.6906318
191604,私立慎齋小學,私立,[19]臺中市,[406]臺中市北屯區山西路二段270號,24.1758599 120.6767035
191605,私立明道普霖斯頓小學,私立,[19]臺中市,[406]臺中市北屯區河北路三段16號,24.1771753 120.6838645
191606,私立麗喆國(中)小,私立,[19]臺中市,[407]臺中市西屯區國安二路242巷199號,24.1947933 120.6138543
193601,市立中區光復國小,公立,[19]臺中市,[400]臺中市中區三民路二段148號,24.144027 120.6814649
193602,市立臺中國小,公立,[19]臺中市,[401]臺中市東區台中路153號,24.1315004 120.6846391
193603,市立大智國小,公立,[19]臺中市,[401]臺中市東區大智路359號,24.1289094 120.6905318
193604,市立東區成功國小,公立,[19]臺中市,[401]臺中市東區旱溪西路一段300號,24.1371661 120.6997102
193605,市立進德國小,公立,[19]臺中市,[401]臺中市東區進化路135號,24.1452521 120.6941979
193606,市立力行國小,公立,[19]臺中市,[401]臺中市東區進化路223號,24.1508576 120.6941376
193607,市立樂業國小,公立,[19]臺中市,[401]臺中市東區樂業路60號,24.1378791 120.6949246
193608,市立忠孝國小,公立,[19]臺中市,[403]臺中市西區三民路一段171號,24.1374117 120.6741257
193609,市立忠信國小,公立,[19]臺中市,[403]臺中市西區林森路155號,24.1391036 120.668765
193610,市立大同國小,公立,[19]臺中市,[403]臺中市西區自由路一段138號,24.1357762 120.6779283
193611,市立忠明國小,公立,[19]臺中市,[403]臺中市西區臺灣大道二段556號,24.1594602 120.6601425
193612,市立西區中正國小,公立,[19]臺中市,[403]臺中市西區英才路423號,24.1520351 120.6658984
193613,市立南區和平國小,公立,[19]臺中市,[402]臺中市南區復興路二段57號,24.1203129 120.660113
193614,市立國光國小,公立,[19]臺中市,[402]臺中市南區國光路261號,24.1255308 120.679866
193615,市立信義國小,公立,[19]臺中市,[402]臺中市南區五權南路325號,24.1216138 120.6697485
193616,市立北區太平國小,公立,[19]臺中市,[404]臺中市北區太平路74號,24.149031 120.6818069
193617,市立北區中華國小,公立,[19]臺中市,[404]臺中市北區漢口路三段2號,24.1664958 120.6659806
193618,市立篤行國小,公立,[19]臺中市,[404]臺中市北區篤行路321號,24.1548606 120.6732167
193619,市立健行國小,公立,[19]臺中市,[404]臺中市北區健行路666號,24.159414 120.6736342
193620,市立省三國小,公立,[19]臺中市,[404]臺中市北區崇德路一段107號,24.1598347 120.6847874
193621,市立西屯國小,公立,[19]臺中市,[407]臺中市西屯區西屯路二段300號,24.1792355 120.6404629
193622,市立西屯區泰安國小,公立,[19]臺中市,[407]臺中市西屯區環中路二段368號,24.1939352 120.6439446
193623,市立大鵬國小,公立,[19]臺中市,[407]臺中市西屯區中平路268號,24.176992 120.6648233
193624,市立西屯區永安國小,公立,[19]臺中市,[407]臺中市西屯區西屯路三段133號,24.1848454 120.6250818
193625,市立協和國小,公立,[19]臺中市,[407]臺中市西屯區協和里安和路99號,24.1702562 120.6199018
193626,市立大仁國小,公立,[19]臺中市,[407]臺中市西屯區重慶路200號,24.1675502 120.6580611
193627,市立南屯國小,公立,[19]臺中市,[408]臺中市南屯區黎明路一段968號,24.1367871 120.6372844
193628,市立鎮平國小,公立,[19]臺中市,[408]臺中市南屯區黎明路一段425號,24.1217055 120.6292213
193629,市立文山國小,公立,[19]臺中市,[408]臺中市南屯區忠勇路97號,24.1493359 120.6153954
193630,市立春安國小,公立,[19]臺中市,[408]臺中市南屯區春安路109號,24.134804 120.608314
193631,市立黎明國小,公立,[19]臺中市,[408]臺中市南屯區黎明路二段555號,24.1577223 120.633997
193632,市立北屯國小,公立,[19]臺中市,[406]臺中市北屯區進化北路2號,24.1630266 120.6917194
193633,市立僑孝國小,公立,[19]臺中市,[406]臺中市北屯區北屯路435號,24.1775592 120.699778
193634,市立四張犁國小,公立,[19]臺中市,[406]臺中市北屯區后庄路910號(四張犁),24.193147 120.678023
193635,市立松竹國小,公立,[19]臺中市,[406]臺中市北屯區昌平路二段12號,24.1809371 120.6899332
193636,市立軍功國小,公立,[19]臺中市,[406]臺中市北屯區和平里軍福十三路300號,24.1727967 120.719513
193637,市立北屯區大坑國小,公立,[19]臺中市,[406]臺中市北屯區東山路二段112號,24.1963669 120.7478171
193638,市立逢甲國小,公立,[19]臺中市,[406]臺中市北屯區北坑巷60號,24.168473 120.758949
193639,市立建功國小,公立,[19]臺中市,[406]臺中市北屯區軍和街43號,24.1757955 120.7161303
193640,市立北屯區新興國小,公立,[19]臺中市,[406]臺中市北屯區新興路20號,24.1943803 120.6623661
193641,市立仁愛國小,公立,[19]臺中市,[406]臺中市北屯區四平路71號,24.1802836 120.6718033
193642,市立立人國小,公立,[19]臺中市,[404]臺中市北區北平路一段60號,24.171566 120.668865
193643,市立北屯區文昌國小,公立,[19]臺中市,[406]臺中市北屯區昌平路一段91號,24.1693653 120.6918425
193644,市立大勇國小,公立,[19]臺中市,[403]臺中市西區忠明南路515號,24.1344766 120.6575355
193645,市立重慶國小,公立,[19]臺中市,[407]臺中市西屯區重慶路358號,24.170732 120.6639614
193646,市立南屯區東興國小,公立,[19]臺中市,[408]臺中市南屯區大隆路71號,24.1560468 120.6530707
193647,市立文心國小,公立,[19]臺中市,[406]臺中市北屯區文心路四段575號,24.1730188 120.6828275
193648,市立四維國小,公立,[19]臺中市,[406]臺中市北屯區文心路四段956號,24.1708359 120.6952561
193649,市立何厝國小,公立,[19]臺中市,[407]臺中市西屯區重慶路1號,24.1633266 120.6543234
193650,市立國安國小,公立,[19]臺中市,[407]臺中市西屯區國祥街1號,24.1935782 120.6090812
193651,市立上石國小,公立,[19]臺中市,[407]臺中市西屯區西屯路二段上石南6巷25號,24.173666 120.643417
193652,市立大新國小,公立,[19]臺中市,[408]臺中市南屯區文心路一段280號,24.1460168 120.646957
193653,市立陳平國小,公立,[19]臺中市,[406]臺中市北屯區陳平路58號,24.1852051 120.6676042
193654,市立賴厝國小,公立,[19]臺中市,[404]臺中市北區漢口路四段168號,24.1669163 120.6786554
193655,市立永春國小,公立,[19]臺中市,[408]臺中市南屯區永春東路288號,24.1349272 120.647639
193656,市立惠文國小,公立,[19]臺中市,[408]臺中市南屯區公益路二段300號,24.1516558 120.6382574
193657,市立樹義國小,公立,[19]臺中市,[402]臺中市南區福田路11號,24.1113481 120.6576498
193658,市立東光國小,公立,[19]臺中市,[406]臺中市北屯區東光路926號,24.171603 120.7013501
193659,市立上安國小,公立,[19]臺中市,[407]臺中市西屯區上安路156號,24.1720157 120.6391851
193660,市立仁美國小,公立,[19]臺中市,[406]臺中市北屯區崇德路三段568號,24.1918534 120.686606
193661,市立長安國小,公立,[19]臺中市,[407]臺中市西屯區櫻花路18號,24.1691048 120.6530785
193662,市立惠來國小,公立,[19]臺中市,[407]臺中市西屯區文中路168號,24.1645965 120.6491903
193663,市立大墩國小,公立,[19]臺中市,[408]臺中市南屯區向上路二段201號,24.1467848 120.6394581
193664,市立東海國小,公立,[19]臺中市,[407]臺中市西屯區國際街75號,24.1854575 120.5945132
064501,市立豐原國中,公立,[06]臺中市,[420]臺中市豐原區三豐路467號,24.2643919 120.720275
064502,市立豐東國中,公立,[06]臺中市,[420]臺中市豐原區豐東路75號,24.2476881 120.7296033
064503,市立豐南國中,公立,[06]臺中市,[420]臺中市豐原區豐南街151號,24.239139 120.7167661
064504,市立潭子國中,公立,[06]臺中市,[427]臺中市潭子區潭興路二段419巷1號,24.2101962 120.708342
064505,市立大雅國中,公立,[06]臺中市,[428]臺中市大雅區學府路280號,24.2241825 120.6495485
064506,市立神岡國中,公立,[06]臺中市,[429]臺中市神岡區社南里中山路627號,24.2475323 120.6810426
064507,市立后里國中,公立,[06]臺中市,[421]臺中市后里區眉山里第三鄰中眉路169號,24.3075799 120.695216
064509,市立外埔國中,公立,[06]臺中市,[438]臺中市外埔區大同里甲后路505號,24.3331137 120.6519117
064510,市立大甲國中,公立,[06]臺中市,[437]臺中市大甲區育英路186號,24.353289 120.6224064
064511,市立日南國中,公立,[06]臺中市,[437]臺中市大甲區中山路二段69-11號,24.3779599 120.6523384
064512,市立大安國中,公立,[06]臺中市,[439]臺中市大安區松雅里大安港路691號,24.3736694 120.5983982
064513,市立清水國中,公立,[06]臺中市,[436]臺中市清水區鰲峰路250號,24.267959 120.562458
064514,市立清泉國中,公立,[06]臺中市,[436]臺中市清水區菁埔里臨海路27之2號,24.3057714 120.5924801
064515,市立沙鹿國中,公立,[06]臺中市,[433]臺中市沙鹿區中正街1號,24.2352085 120.5633508
064516,市立梧棲國中,公立,[06]臺中市,[435]臺中市梧棲區文化里民生街12號,24.2526699 120.5322385
064517,市立龍井國中,公立,[06]臺中市,[434]臺中市龍井區觀光路9號,24.1922742 120.5440933
064518,市立四箴國中,公立,[06]臺中市,[434]臺中市龍井區中沙路2號,24.1795403 120.5760326
064519,市立大道國中,公立,[06]臺中市,[432]臺中市大肚區仁德路60號,24.1469514 120.5488364
064520,市立烏日國中,公立,[06]臺中市,[414]臺中市烏日區新興路457號,24.1054413 120.6207385
064521,市立溪南國中,公立,[06]臺中市,[414]臺中市烏日區溪南路一段731號,24.0721933 120.6442611
064522,市立霧峰國中,公立,[06]臺中市,[413]臺中市霧峰區國中路110號,24.0673817 120.6888231
064523,市立光復國中(小),公立,[06]臺中市,[413]臺中市霧峰區南柳里柳豐路535號,24.0430055 120.6895412
064525,市立太平國中,公立,[06]臺中市,[411]臺中市太平區中山路二段116號,24.1470785 120.7025178
064526,市立中平國中,公立,[06]臺中市,[411]臺中市太平區中平里太平路300號,24.1229708 120.718135
064527,市立石岡國中,公立,[06]臺中市,[422]臺中市石岡區梅子里豐勢路國中巷1號,24.2669462 120.799175
064529,市立東勢國中,公立,[06]臺中市,[423]臺中市東勢區東崎路五段415號,24.2512706 120.8323538
064530,市立東華國中,公立,[06]臺中市,[423]臺中市東勢區東關路296號,24.2052811 120.8395901
064531,市立東新國中,公立,[06]臺中市,[423]臺中市東勢區東新里5鄰東環街123號,24.2631845 120.8297634
064532,市立成功國中,公立,[06]臺中市,[412]臺中市大里區至善路157號,24.0940491 120.6992731
064533,市立和平國中,公立,[06]臺中市,[424]臺中市和平區東關路三段崑崙巷62號,24.180308 120.882287
064534,市立北勢國中,公立,[06]臺中市,[433]臺中市沙鹿區英才路150號,24.2251755 120.5692086
064535,市立鹿寮國中,公立,[06]臺中市,[433]臺中市沙鹿區光華路385號,24.2438043 120.5667502
064537,市立光榮國中,公立,[06]臺中市,[412]臺中市大里區東榮路280號,24.1104788 120.6869085
064538,市立潭秀國中,公立,[06]臺中市,[427]臺中市潭子區雅潭路一段175號,24.2161716 120.6995219
064539,市立順天國中,公立,[06]臺中市,[437]臺中市大甲區大安港路67號,24.350426 120.6153585
064540,市立清海國中,公立,[06]臺中市,[436]臺中市清水區中央路51之60號,24.2766926 120.554054
064541,市立大華國中,公立,[06]臺中市,[428]臺中市大雅區雅環路一段2號,24.2165644 120.6516803
064543,市立新光國中,公立,[06]臺中市,[411]臺中市太平區樹德九街 139 號,24.157281 120.709215
064544,市立光正國中,公立,[06]臺中市,[412]臺中市大里區鳳凰路68號,24.0961781 120.7180626
064545,市立豐陽國中,公立,[06]臺中市,[420]臺中市豐原區朝陽路33號,24.2623377 120.7445288
064546,市立光德國中,公立,[06]臺中市,[414]臺中市烏日區信義街99號,24.1058007 120.6415135
064547,市立立新國中,公立,[06]臺中市,[412]臺中市大里區甲堤路236號,24.1043651 120.6969226
064548,市立爽文國中,公立,[06]臺中市,[412]臺中市大里區永隆三街1號,24.1078825 120.6771654
064549,市立公明國中,公立,[06]臺中市,[433]臺中市沙鹿區公明里中清路6段567號,24.2494113 120.6015376
064550,市立龍津國中,公立,[06]臺中市,[434]臺中市龍井區三港路130號,24.2043433 120.5224229
064551,市立神圳國中,公立,[06]臺中市,[429]臺中市神岡區神清路61號,24.2609052 120.6585902
064552,市立梨山國中(小),公立,[06]臺中市,[424]臺中市和平區梨山里福壽路10號,24.255649 121.259419
191503,私立麗喆國中(小),私立,[19]臺中市,[407]臺中市西屯區國安二路242巷199號,24.1947933 120.6138543
193501,市立居仁國中,公立,[19]臺中市,[403]臺中市西區自由路一段97號,24.1370428 120.678817
193502,市立雙十國中,公立,[19]臺中市,[404]臺中市北區力行路258號,24.1524183 120.691003
193504,市立崇倫國中,公立,[19]臺中市,[402]臺中市南區忠明南路653號,24.1319234 120.6575245
193505,市立大德國中,公立,[19]臺中市,[406]臺中市北屯區雷中街2之23號,24.181288 120.669808
193506,市立北新國中,公立,[19]臺中市,[406]臺中市北屯區柳楊東街180號,24.1789287 120.6961457
193507,市立東峰國中,公立,[19]臺中市,[401]臺中市東區仁和路330號,24.126207 120.6858308
193508,市立黎明國中,公立,[19]臺中市,[408]臺中市南屯區三義里一鄰干城街88號,24.1556043 120.6315431
193509,市立光明國中,公立,[19]臺中市,[403]臺中市西區自由路一段75號,24.1322703 120.6732226
193510,市立向上國中,公立,[19]臺中市,[403]臺中市西區美村路一段389號,24.143377 120.661945
193511,市立育英國中,公立,[19]臺中市,[401]臺中市東區育英路30號,24.1358626 120.6982685
193512,市立四育國中,公立,[19]臺中市,[402]臺中市南區復興路二段152號,24.125529 120.6646223
193514,市立五權國中,公立,[19]臺中市,[404]臺中市北區英才路1號,24.155046 120.6793488
193516,市立中山國中,公立,[19]臺中市,[407]臺中市西屯區寧夏路179號,24.1684446 120.660187
193517,市立崇德國中,公立,[19]臺中市,[406]臺中市北屯區崇德路二段227號,24.1752563 120.6854584
193518,市立立人國中,公立,[19]臺中市,[404]臺中市北區北平路一段62號,24.1715332 120.66999
193519,市立漢口國中,公立,[19]臺中市,[407]臺中市西屯區漢口路一段54之1號,24.1617604 120.6570334
193520,市立安和國中,公立,[19]臺中市,[407]臺中市西屯區天助街1號,24.17401 120.6168037
193521,市立至善國中,公立,[19]臺中市,[407]臺中市西屯區青海路二段308號,24.1743345 120.6401936
193522,市立萬和國中,公立,[19]臺中市,[408]臺中市南屯區永春東路885號,24.1346935 120.6406324
193523,市立大業國中,公立,[19]臺中市,[408]臺中市南屯區大業路100號,24.1537463 120.652457
193524,市立三光國中,公立,[19]臺中市,[406]臺中市北屯區三光一街77號,24.1673539 120.6984045
193525,市立四張犁國中,公立,[19]臺中市,[406]臺中市北屯區同榮里后庄路699號,24.1935575 120.6771674
193526,市立福科國中,公立,[19]臺中市,[407]臺中市西屯區福林路333號,24.1886941 120.6150045
193527,市立大墩國中,公立,[19]臺中市,[408]臺中市南屯區惠中路三段98號,24.1449417 120.6404242
191301,私立東大附中附設國小,私立,[19]臺中市,[407]臺中市西屯區臺灣大道四段1727號,24.1824159 120.602728
191302,私立葳格高中附設國小,私立,[19]臺中市,[407]台中市西屯區長安路一段35號,24.170437 120.6541535
060323,國立中科實驗高級中學附設國中,公立,[06]臺中市,[428]臺中市大雅區平和路227號,24.2303237 120.6260536
061301,財團法人常春藤高中附設國中,公立,[06]臺中市,[427]臺中市潭子區潭興路一段165巷320號,24.1971371 120.7181038
061310,私立大明高中附設國中,公立,[06]臺中市,[412]臺中市大里區新仁路三段210號,24.1164906 120.6859755
061313,私立明道高中附設國中,公立,[06]臺中市,[414]臺中市烏日區中山路一段497號,24.1068679 120.6360984
061314,私立僑泰高中附設國中,公立,[06]臺中市,[412]臺中市大里區樹王路342號,24.1117897 120.6669624
061317,私立弘文高中附設國中,公立,[06]臺中市,[427]臺中市潭子區中山路三段221巷96號,24.2259648 120.7053818
061318,私立立人高中附設國中,公立,[06]臺中市,[412]臺中市大里區中興路二段380號,24.1056964 120.6908449
064308,市立后綜高中附設國中,公立,[06]臺中市,[421]臺中市后里區廣福里三豐路80號,24.3062172 120.7218368
064324,市立大里高中附設國中,公立,[06]臺中市,[412]臺中市大里區國中路365號,24.0951235 120.6789632
064328,市立新社高中附設國中,公立,[06]臺中市,[426]臺中市新社區復盛里中和街三段國中巷10號,24.237242 120.806713
064336,市立長億高中附設國中,公立,[06]臺中市,[411]臺中市太平區長億里長億六街1號,24.1138805 120.7210106
064342,市立中港高中附設國中,公立,[06]臺中市,[435]臺中市梧棲區文昌路400號,24.2441932 120.5420055
191301,私立東大附中附設國中,私立,[19]臺中市,[407]臺中市西屯區臺灣大道四段1727號,24.1824159 120.602728
191302,私立葳格高中附設國中,私立,[19]臺中市,[406]臺中市北屯區軍福十八路328號,24.178752 120.7116059
191305,私立新民高中附設國中,私立,[19]臺中市,[404]臺中市北區健行路111號,24.1588749 120.685824
191308,私立宜寧高中附設國中,私立,[19]臺中市,[402]臺中市南區復興路二段45號,24.1189766 120.6591896
191309,私立明德高中附設國中,私立,[19]臺中市,[402]臺中市南區明德街84號,24.1204043 120.6839805
191311,私立衛道高中附設國中,私立,[19]臺中市,[406]臺中市北屯區四平路161號,24.1830032 120.6750442
191313,私立曉明女中附設國中,私立,[19]臺中市,[404]臺中市北區中清路一段606號,24.1680163 120.6731117
191314,私立嶺東高中附設國中,私立,[19]臺中市,[408]臺中市南屯區春社里嶺東路2號,24.1380959 120.6102807
193303,市立忠明高中附設國中,公立,[19]臺中市,[403]臺中市西區博館路166號,24.1578766 120.663686
193313,市立西苑高中附設國中,公立,[19]臺中市,[407]臺中市西屯區西苑路268號,24.1864785 120.6415518
193315,市立東山高中附設國中,公立,[19]臺中市,[406]臺中市北屯區景賢六路200號,24.1662931 120.7121388
193316,市立惠文高中附設國中,公立,[19]臺中市,[408]臺中市南屯區公益路二段298號,24.1515401 120.6399782
060303,國立大甲高中,公立,[06]臺中市,[437]臺中市大甲區中山路一段720號,24.3420421 120.6217173
060305,國立清水高中,公立,[06]臺中市,[436]臺中市清水區中山路90號,24.2652495 120.5740976
060312,國立豐原高中,公立,[06]臺中市,[420]臺中市豐原區水源路150號,24.2558681 120.7414285
060322,國立興大附中,公立,[06]臺中市,[412]臺中市大里區東榮路369號,24.1093932 120.6827138
060323,國立中科實驗高級中學,公立,[06]臺中市,[428]臺中市大雅區平和路227號,24.2303237 120.6260536
060401,國立豐原高商,公立,[06]臺中市,[420]臺中市豐原區圓環南路50號,24.2457767 120.7129009
060402,國立大甲高工,公立,[06]臺中市,[437]臺中市大甲區頂店里開元路71號,24.3466762 120.6400823
060404,國立東勢高工,公立,[06]臺中市,[423]臺中市東勢區東關路6段1328號,24.2423422 120.8343503
060407,國立沙鹿高工,公立,[06]臺中市,[433]臺中市沙鹿區台灣大道七段823號,24.238523 120.5678621
060408,國立霧峰農工,公立,[06]臺中市,[413]臺中市霧峰區中正路1222號,24.0736652 120.7000092
061301,財團法人常春藤高中,私立,[06]臺中市,[427]臺中市潭子區潭興路一段165巷320號,24.1971371 120.7181038
061306,私立明台高中,私立,[06]臺中市,[413]臺中市霧峰區萊園路91號,24.0619723 120.7030111
061309,私立致用高中,私立,[06]臺中市,[437]臺中市大甲區甲東路512號,24.3405229 120.6287622
061310,私立大明高中,私立,[06]臺中市,[412]臺中市大里區新仁路三段210號,24.1164906 120.6859755
061311,私立嘉陽高中,私立,[06]臺中市,[436]臺中市清水區中航路三段1號,24.2641067 120.5795139
061313,私立明道高中,私立,[06]臺中市,[414]臺中市烏日區中山路一段497號,24.1068679 120.6360984
061314,私立僑泰高中,私立,[06]臺中市,[412]臺中市大里區樹王路342號,24.1117897 120.6669624
061316,私立青年高中,私立,[06]臺中市,[412]臺中市大里區中湖路100號,24.0869578 120.6934591
061317,私立弘文高中,私立,[06]臺中市,[427]臺中市潭子區中山路三段221巷96號,24.2259648 120.7053818
061318,私立立人高中,私立,[06]臺中市,[412]臺中市大里區中興路二段380號,24.1056964 120.6908449
061319,私立玉山高中,私立,[06]臺中市,[423]臺中市東勢區東崎路四段399號,24.2558619 120.850957
061321,私立慈明高中,私立,[06]臺中市,[411]臺中市太平區光德路388號,24.1052061 120.7272563
064308,市立后綜高中,公立,[06]臺中市,[421]臺中市后里區廣福里三豐路80號,24.3062172 120.7218368
064324,市立大里高中,公立,[06]臺中市,[412]臺中市大里區國中路365號,24.0951235 120.6789632
064328,市立新社高中,公立,[06]臺中市,[426]臺中市新社區復盛里中和街三段國中巷10號,24.237242 120.806713
064336,市立長億高中,公立,[06]臺中市,[411]臺中市太平區長億里長億六街1號,24.1138805 120.7210106
064342,市立中港高中,公立,[06]臺中市,[435]臺中市梧棲區文昌路400號,24.2441932 120.5420055
064350,市立龍津高中,公立,[06]臺中市,[434]臺中市龍井區三港路130號,24.2043433 120.5224229
190301,國立臺中女中,公立,[19]臺中市,[403]臺中市西區自由路一段95號,24.1360434 120.6777654
190302,國立臺中一中,公立,[19]臺中市,[404]臺中市北區育才街2號,24.1493051 120.6861662
190303,國立臺中二中,公立,[19]臺中市,[404]臺中市北區英士路109號,24.1527516 120.6752796
190315,國立文華高中,公立,[19]臺中市,[407]臺中市西屯區寧夏路240號,24.1701508 120.6597375
190404,國立臺中家商,公立,[19]臺中市,[401]臺中市東區和平街50號,24.1335235 120.6845855
190406,國立興大附農,公立,[19]臺中市,[401]臺中市東區台中路283號,24.1287304 120.6851737
190407,國立臺中高工,公立,[19]臺中市,[402]臺中市南區高工路191號,24.1134199 120.6613413
191301,私立東大附中,私立,[19]臺中市,[407]臺中市西屯區臺灣大道四段1727號,24.1824159 120.602728
191302,私立葳格高中,私立,[19]臺中市,[406]臺中市北屯區軍福十八路328號,24.178752 120.7116059
191305,私立新民高中,私立,[19]臺中市,[404]臺中市北區健行路111號,24.1588749 120.685824
191308,私立宜寧高中,私立,[19]臺中市,[402]臺中市南區復興路二段45號,24.1189766 120.6591896
191309,私立明德高中,私立,[19]臺中市,[402]臺中市南區明德街84號,24.1204043 120.6839805
191311,私立衛道高中,私立,[19]臺中市,[406]臺中市北屯區四平路161號,24.1830032 120.6750442
191313,私立曉明女中,私立,[19]臺中市,[404]臺中市北區中清路一段606號,24.1680163 120.6731117
191314,私立嶺東高中,私立,[19]臺中市,[408]臺中市南屯區春社里嶺東路2號,24.1380959 120.6102807
191412,財團法人光華高工,私立,[19]臺中市,[411]臺中市太平區東平路18號,24.133943 120.718706
193303,市立忠明高中,公立,[19]臺中市,[403]臺中市西區博館路166號,24.1578766 120.663686
193313,市立西苑高中,公立,[19]臺中市,[407]臺中市西屯區西苑路268號,24.1864785 120.6415518
193315,市立東山高中,公立,[19]臺中市,[406]臺中市北屯區景賢六路200號,24.1662931 120.7121388
193316,市立惠文高中,公立,[19]臺中市,[408]臺中市南屯區公益路二段298號,24.1515401 120.6399782
0006,國立中興大學,公立,[19]臺中市,[402]臺中市南區興大路145號,24.124167 120.6774162
0039,國立臺中教育大學,公立,[19]臺中市,[403]臺中市西區民生路140號,24.1421547 120.672099
0043,國立勤益科技大學,公立,[06]臺中市,[411]臺中市太平區坪林里中山路二段57號,24.1465581 120.7333578
0049,國立臺灣體育運動大學,公立,[19]臺中市,[404]臺中市北區雙十路一段16號,24.1489449 120.6874206
0050,國立臺中科技大學,公立,[19]臺中市,[404]臺中市北區三民路三段129號,24.1500235 120.6839638
1001,東海大學,私立,[19]臺中市,[407]臺中市西屯區臺灣大道四段1727號,24.1824159 120.602728
1007,逢甲大學,私立,[19]臺中市,[407]臺中市西屯區文華路100號,24.178693 120.64674
1008,靜宜大學,私立,[06]臺中市,[433]臺中市沙鹿區臺灣大道7段200號,24.2263848 120.5797081
1018,朝陽科技大學,私立,[06]臺中市,[413]臺中市霧峰區吉峰東路168號,24.0728212 120.7154143
1029,中山醫學大學,私立,[19]臺中市,[402]臺中市南區建國北路一段110號,24.1217915 120.6517604
1034,弘光科技大學,私立,[06]臺中市,[433]臺中市沙鹿區臺灣大道六段1018號,24.2173159 120.5808091
1035,中國醫藥大學,私立,[19]臺中市,[404]臺中市北區學士路91號,24.155899 120.681125
1045,嶺東科技大學,私立,[19]臺中市,[408]臺中市南屯區嶺東路1號,24.1378074 120.6096728
1047,中臺科技大學,私立,[19]臺中市,[406]臺中市北屯區廍子路666號,24.1725268 120.736065
1048,亞洲大學,私立,[06]臺中市,[413]臺中市霧峰區柳豐路500號,24.043676 120.6885757
1062,僑光科技大學,私立,[19]臺中市,[407]臺中市西屯區僑光路100號,24.1894633 120.6440635
1069,修平科技大學,私立,[06]臺中市,[412]臺中市大里區工業路11號,24.0953128 120.7137649
0A09,國立臺中科技大學附進修專校,公立,[19]臺中市,[404]臺中市北區三民路三段129號,24.1500235 120.6839638
0A11,國立勤益科技大學附進修專校,公立,[06]臺中市,[411]臺中市太平區中山路二段57號,24.1469149 120.7025284
0A15,國立勤益科技大學附進修學院,公立,[06]臺中市,[411]臺中市太平區中山路二段57號,24.1469149 120.7025284
0A16,國立臺中科技大學附進修學院,公立,[19]臺中市,[404]臺中市北區三民路三段129號,24.1500235 120.6839638
0A18,國立臺中科技大學附空中進院,公立,[19]臺中市,[404]臺中市北區三民路三段129號,24.1500235 120.6839638
1A16,修平科技大學附進修專校,私立,[06]臺中市,[412]臺中市大里區工業路11號,24.0953128 120.7137649
1A17,嶺東科技大學附進修專校,私立,[19]臺中市,[408]臺中市南屯區嶺東路一號,24.1378074 120.6096728
1A40,嶺東科技大學附進修學院,私立,[19]臺中市,[408]臺中市南屯區嶺東路一號,24.1378074 120.6096728
1A57,修平科技大學附進修學院,私立,[06]臺中市,[412]臺中市大里區工業路11號,24.0953128 120.7137649
1A80,中臺科技大學附進修學院,私立,[19]臺中市,[406]臺中市北屯區大坑廓子里一一號,24.177946 120.738561
060F01,國立臺中啟明學校,公立,[06]臺中市,[421]臺中市后里區三豐路三段936號,24.3088705 120.7222883
061F01,私立惠明學校,私立,[06]臺中市,[428]臺中市大雅區雅潭路280號,24.2196117 120.6620871
190F01,國立臺中啟聰學校,公立,[19]臺中市,[407]臺中市西屯區協和里安和路1號,24.1606793 120.6171796
190F02,國立臺中特殊教育學校,公立,[19]臺中市,[408]臺中市南屯區公益路二段296號,24.1513744 120.6410651
061315,私立華盛頓高中附設國中,公立,[06]臺中市,[411]臺中市太平區廍仔坑路26號,24.158382 120.744952
061315,私立華盛頓高中,私立,[06]臺中市,[411]臺中市太平區廍仔坑路26號,24.158382 120.744952
